dataset,model,k_features,auc_mean,auc_std,accuracy_mean,accuracy_std,sensitivity_mean,sensitivity_std,specificity_mean,specificity_std,precision_mean,precision_std,f1_mean,f1_std
BW,Simple Tree,20,0.6935537439613527,0.07904806764908819,0.6407936507936508,0.06327661859702459,0.5666666666666667,0.1224744871391589,0.6797101449275362,0.12870430183754225,0.49140350877192984,0.09491600991473886,0.5137480798771121,0.05933814759288639
BW,Medium Tree,20,0.6436594202898551,0.0933711188029095,0.6523809523809524,0.09351752691750322,0.6166666666666667,0.12472191289246472,0.6706521739130434,0.11052447002863336,0.4965625293179473,0.09469649510273169,0.545909041619251,0.09869477214596963
BW,Complex Tree,20,0.6436594202898551,0.0933711188029095,0.6523809523809524,0.09351752691750322,0.6166666666666667,0.12472191289246472,0.6706521739130434,0.11052447002863336,0.4965625293179473,0.09469649510273169,0.545909041619251,0.09869477214596963
BW,Linear Discriminant Analysis,20,0.7121376811594202,0.10846957164622202,0.7085714285714286,0.08742905557150593,0.45,0.11303883305208778,0.8398550724637681,0.09554918698217824,0.615,0.18306040290327977,0.5126262626262627,0.12608067698286807
BW,Quadratic Discriminant Analysis,20,0.7223429951690822,0.06178715219874,0.7139682539682539,0.03777844470533089,0.5666666666666667,0.062360956446232345,0.7894927536231884,0.06712586027316376,0.5876923076923076,0.07989802837079954,0.57207696007696,0.04448601908910242
BW,Logistic Regression,20,0.7072463768115942,0.07730491091412696,0.6968253968253968,0.04321135224057516,0.35,0.097182531580755,0.8731884057971013,0.03652058889378012,0.5819047619047619,0.10512491220226003,0.4332950022114108,0.09910256659185596
BW,Linear SVM,20,0.6872886473429952,0.09524081192646379,0.6855555555555556,0.058395442585784205,0.3,0.06666666666666668,0.8818840579710144,0.060469266914076406,0.5807142857142857,0.16555479462303632,0.3937461300309598,0.09516641284883981
BW,Quadratic SVM,20,0.60618961352657,0.0880909918314009,0.6968253968253968,0.025152595516655746,0.2,0.1452966314513558,0.9492753623188406,0.04143761871158204,0.5828571428571429,0.3260649741185624,0.2772088592522029,0.18198249320190638
BW,Cubic SVM,20,0.6846014492753623,0.07230794185557948,0.6906349206349206,0.055037036019731665,0.25,0.10540925533894599,0.9152173913043479,0.04567804649880586,0.589047619047619,0.18806569991094388,0.34652390780873754,0.13486372782139847
BW,Fine Gaussian SVM,20,0.44447463768115947,0.17576733880304404,0.6574603174603174,0.02496457555725395,0.016666666666666666,0.03333333333333333,0.9833333333333332,0.03333333333333335,0.2,0.4,0.03076923076923077,0.06153846153846154
BW,Medium Gaussian SVM,20,0.7553442028985508,0.07220424541590789,0.6911111111111111,0.038363473641621,0.31666666666666665,0.08164965809277261,0.8822463768115941,0.0604106231903372,0.5984126984126983,0.10595758265573738,0.40367585630743524,0.08485754802435885
BW,Coarse Gaussian SVM,20,0.6972826086956522,0.036180191587018386,0.6741269841269841,0.02840161174139054,0.2833333333333333,0.08498365855987976,0.8731884057971013,0.05845585297027007,0.55,0.10973065354098012,0.3632775119617225,0.07333774882247782
BW,Fine KNN,20,0.6106884057971015,0.08012368025612765,0.6301587301587303,0.08538295750971955,0.55,0.1247219128924647,0.6713768115942029,0.1244426769085625,0.47201465201465204,0.11166084938655849,0.5008298368298367,0.09948380810597189
BW,Medium KNN,20,0.7360658212560388,0.06564563782947716,0.6799999999999999,0.07080752942470195,0.55,0.08498365855987973,0.7467391304347826,0.08522121158744365,0.533041958041958,0.09333175855448723,0.5383625070581592,0.08345596633121156
BW,Coarse KNN,20,0.7221769323671496,0.04745442784491272,0.6628571428571428,0.004665694748158418,0.0,0.0,1.0,0.0,0.0,0.0,0.0,0.0
BW,Cosine KNN,20,0.7171497584541063,0.09219656240821532,0.6968253968253968,0.04984480828608272,0.5666666666666667,0.062360956446232345,0.7634057971014492,0.0541008882751597,0.5528471528471528,0.07292734662546317,0.5583946488294316,0.06311410218776481
BW,Weighted KNN,20,0.7535024154589373,0.08385257089992033,0.7026984126984127,0.06303725997475394,0.4833333333333333,0.06236095644623236,0.8144927536231885,0.07566827525916878,0.5819230769230769,0.1052441511959061,0.5254545454545454,0.07679531666161045
BW,Boosted Trees,20,0.6803442028985507,0.0816393994570379,0.6804761904761905,0.06446203528782839,0.4333333333333333,0.1699673171197595,0.8050724637681158,0.06239462867138914,0.5275757575757576,0.11896554431691102,0.46468761417610516,0.1416230011775503
BW,Bagged Trees,20,0.7169836956521739,0.06333008189198161,0.6857142857142857,0.03834245183867038,0.5666666666666667,0.11055415967851333,0.7467391304347826,0.08522121158744365,0.5389792663476874,0.06172618462528156,0.5455097964214374,0.05719483701847823
BW,Subspace Discriminant,20,0.7409118357487923,0.06909175826393046,0.6973015873015873,0.06169602577861712,0.4,0.097182531580755,0.8481884057971014,0.048520972930421354,0.5722222222222222,0.14038087520548087,0.4704761904761905,0.11394393338238121
BW,Subspace KNN,20,0.7484148550724636,0.07476024665578988,0.7023809523809523,0.036456139929701134,0.45,0.04082482904638629,0.8307971014492754,0.06914121995290759,0.5912759462759463,0.08300913828971657,0.5055921622237411,0.026717666479150824
BW,RUSBoosted Trees,20,0.6803442028985507,0.0816393994570379,0.6804761904761905,0.06446203528782839,0.4333333333333333,0.1699673171197595,0.8050724637681158,0.06239462867138914,0.5275757575757576,0.11896554431691102,0.46468761417610516,0.1416230011775503
Doppler,Simple Tree,20,0.6568085748792271,0.14733539716689187,0.7253968253968254,0.06984126984126983,0.55,0.17159383568311665,0.8134057971014492,0.08826015563358001,0.609469696969697,0.12083511445443247,0.5648911474998431,0.12990309346575465
Doppler,Medium Tree,20,0.6358695652173914,0.08906155285777091,0.6803174603174604,0.08738870112551239,0.5000000000000001,0.12909944487358058,0.7717391304347826,0.10694851900464204,0.5376923076923077,0.1453449274278056,0.5122597402597402,0.1304918520864603
Doppler,Complex Tree,20,0.6358695652173914,0.08906155285777091,0.6803174603174604,0.08738870112551239,0.5000000000000001,0.12909944487358058,0.7717391304347826,0.10694851900464204,0.5376923076923077,0.1453449274278056,0.5122597402597402,0.1304918520864603
Doppler,Linear Discriminant Analysis,20,0.7842693236714976,0.0914320805077868,0.7647619047619048,0.08212594718975277,0.5833333333333334,0.09128709291752769,0.8568840579710144,0.08882355559515406,0.6941919191919192,0.16153801772427676,0.6298550724637682,0.11254666002431926
Doppler,Quadratic Discriminant Analysis,20,0.8026871980676329,0.0873321822148604,0.7301587301587302,0.07013107262076332,0.7833333333333333,0.08498365855987976,0.7028985507246377,0.06672964888823966,0.576078431372549,0.08369035401784632,0.6634555738004013,0.08452556484957464
Doppler,Logistic Regression,20,0.8073067632850242,0.08108902873885308,0.7647619047619048,0.07628070054665292,0.6000000000000001,0.0816496580927726,0.8485507246376811,0.10647859719875948,0.7006204906204906,0.1501757856169463,0.6365412323078227,0.08834965919397053
Doppler,Linear SVM,20,0.798822463768116,0.09310556374929235,0.7474603174603175,0.04147810697860497,0.4833333333333334,0.09718253158075502,0.8826086956521738,0.10319028861659563,0.7439393939393939,0.17010232970528713,0.5605425492382015,0.040133410406111514
Doppler,Quadratic SVM,20,0.7134057971014494,0.07689990375592731,0.6968253968253968,0.04984480828608272,0.23333333333333334,0.06236095644623236,0.9329710144927537,0.07252714619725328,0.7016666666666667,0.20387904911164037,0.3407843137254901,0.08124748243814996
Doppler,Cubic SVM,20,0.7697161835748793,0.08427286651534116,0.7139682539682541,0.060195365148711794,0.2666666666666667,0.08164965809277261,0.9416666666666668,0.07728015412913089,0.775,0.22912878474779202,0.3847899159663865,0.10824695576301914
Doppler,Fine Gaussian SVM,20,0.5375905797101449,0.15785268447632633,0.6403174603174602,0.04253968253968254,0.016666666666666666,0.03333333333333333,0.9572463768115942,0.05443953614780566,0.2,0.4,0.03076923076923077,0.06153846153846154
Doppler,Medium Gaussian SVM,20,0.8166364734299517,0.05981078241121416,0.7646031746031746,0.049831158614451795,0.5,0.13944333775567927,0.8985507246376813,0.041957084925258216,0.7186363636363636,0.08983915838967602,0.5797302952801674,0.11046650400596843
Doppler,Coarse Gaussian SVM,20,0.8068236714975846,0.06612888213635044,0.7701587301587303,0.04232354473459765,0.5333333333333333,0.08498365855987973,0.8905797101449275,0.06708869256146842,0.7347619047619047,0.11835608672690273,0.6086390217969166,0.06640889483739489
Doppler,Fine KNN,20,0.6817028985507247,0.04334823552590586,0.7193650793650793,0.0514701967544623,0.5666666666666667,0.062360956446232345,0.7967391304347826,0.08048372972124533,0.6024242424242424,0.09792427876161536,0.5780515297906602,0.05491364316650612
Doppler,Medium KNN,20,0.82506038647343,0.07614033908722909,0.7423809523809524,0.08683801887303685,0.6666666666666667,0.11785113019775792,0.7804347826086957,0.12638333482699046,0.6416361416361417,0.1504885862389787,0.6385209176788124,0.0947083991736861
Doppler,Coarse KNN,20,0.7821708937198066,0.058499822734925766,0.6628571428571428,0.004665694748158418,0.0,0.0,1.0,0.0,0.0,0.0,0.0,0.0
Doppler,Cosine KNN,20,0.813707729468599,0.06128646958579557,0.7592063492063492,0.08599102884647962,0.6666666666666667,0.09128709291752769,0.8061594202898551,0.10954978420559165,0.6573655103066868,0.137531236735203,0.6556781609195402,0.10174832104258431
Doppler,Weighted KNN,20,0.8247735507246376,0.07847293667993863,0.7534920634920634,0.0736627658578072,0.6,0.097182531580755,0.8311594202898551,0.09032863754050752,0.6668831168831169,0.145198222681053,0.6234462242562929,0.09581016765647238
Doppler,Boosted Trees,20,0.763239734299517,0.09499043237699187,0.7476190476190476,0.06693257626659874,0.5833333333333333,0.07453559924999298,0.8307971014492754,0.10227151264079647,0.6678388278388279,0.14221559712997134,0.6125649477228424,0.07432445883278797
Doppler,Bagged Trees,20,0.819836956521739,0.08180448372986296,0.7366666666666666,0.08086269541762803,0.55,0.1130388330520878,0.8315217391304348,0.0945784043223779,0.6428571428571429,0.15091557309993436,0.5856827383143173,0.11727739561843943
Doppler,Subspace Discriminant,20,0.8194142512077296,0.07004163251122471,0.7760317460317461,0.06630362222367527,0.5833333333333334,0.10540925533894598,0.8739130434782609,0.09438805660672168,0.7325757575757577,0.14220647439214926,0.6370642883686362,0.09199460160644958
Doppler,Subspace KNN,20,0.8259208937198068,0.07385324333886642,0.7480952380952381,0.09620750019607793,0.6,0.097182531580755,0.8231884057971014,0.12093310636496883,0.669120879120879,0.17234903630475953,0.6226592238171186,0.11218369379598954
Doppler,RUSBoosted Trees,20,0.763239734299517,0.09499043237699187,0.7476190476190476,0.06693257626659874,0.5833333333333333,0.07453559924999298,0.8307971014492754,0.10227151264079647,0.6678388278388279,0.14221559712997134,0.6125649477228424,0.07432445883278797
BW+Doppler,Simple Tree,20,0.7427989130434783,0.08853076631446269,0.725873015873016,0.0932485307431955,0.6500000000000001,0.12247448713915891,0.7652173913043478,0.14428571651386038,0.6168109668109668,0.15670962452695206,0.6200415526502483,0.1051362614570302
BW+Doppler,Medium Tree,20,0.6699275362318841,0.11992917814892497,0.6917460317460317,0.13440667747872215,0.6,0.14337208778404378,0.7398550724637681,0.18597088799735478,0.5829059829059828,0.19059254140269327,0.5755151515151515,0.14786660533575516
BW+Doppler,Complex Tree,20,0.6699275362318841,0.11992917814892497,0.6917460317460317,0.13440667747872215,0.6,0.14337208778404378,0.7398550724637681,0.18597088799735478,0.5829059829059828,0.19059254140269327,0.5755151515151515,0.14786660533575516
BW+Doppler,Linear Discriminant Analysis,20,0.7741847826086957,0.09390962570941368,0.7307936507936509,0.0679457789253441,0.4999999999999999,0.11785113019775792,0.8485507246376811,0.10647859719875948,0.6587301587301588,0.15983740793871878,0.5553884711779448,0.09971788271324876
BW+Doppler,Quadratic Discriminant Analysis,20,0.7886171497584542,0.0972282888106349,0.7476190476190477,0.09046365827992894,0.7000000000000001,0.13540064007726602,0.7721014492753623,0.10907181288247408,0.6247436773752563,0.1369253186647233,0.6534469737835796,0.11746390772707938
BW+Doppler,Logistic Regression,20,0.7842089371980676,0.10706547283293463,0.759047619047619,0.06539335789851781,0.5333333333333334,0.08498365855987973,0.8739130434782609,0.0867191809296237,0.7105494505494506,0.15806705863257994,0.6009952153110047,0.09049296046328152
BW+Doppler,Linear SVM,20,0.7717693236714978,0.09979220560503162,0.7419047619047618,0.029828602512366673,0.4,0.062360956446232366,0.9163043478260869,0.07433631292046666,0.7607575757575759,0.1605177001073409,0.5095765842568911,0.028162054676867672
BW+Doppler,Quadratic SVM,20,0.6634359903381642,0.09659418100297774,0.6912698412698413,0.03303342024543654,0.2,0.06666666666666667,0.9416666666666668,0.06236095644623236,0.739047619047619,0.22678668291256715,0.29784869413352383,0.08426267609960167
BW+Doppler,Cubic SVM,20,0.763586956521739,0.10337394400824756,0.7138095238095238,0.05570637125534113,0.2833333333333333,0.08498365855987976,0.9329710144927537,0.05636358400762335,0.699047619047619,0.19223945763108777,0.398844169246646,0.11618284605050368
BW+Doppler,Fine Gaussian SVM,20,0.5360658212560387,0.19132733924235074,0.646031746031746,0.0339549002085611,0.016666666666666666,0.03333333333333333,0.9659420289855072,0.04172805811271877,0.2,0.4,0.03076923076923077,0.06153846153846154
BW+Doppler,Medium Gaussian SVM,20,0.8119565217391305,0.048367133865687126,0.7533333333333333,0.06010279260577124,0.4833333333333334,0.062360956446232366,0.8905797101449275,0.06708869256146842,0.7095238095238096,0.15221551866332508,0.5721120984278878,0.08835842007085669
BW+Doppler,Coarse Gaussian SVM,20,0.8035477053140097,0.06678467548289362,0.741904761904762,0.05539068506470668,0.4666666666666667,0.04082482904638629,0.8818840579710144,0.0664279753448997,0.6873015873015873,0.14869890068102054,0.5530644793802688,0.0752089008888053
BW+Doppler,Fine KNN,20,0.6728260869565218,0.04626628586940548,0.7022222222222222,0.057220846250766164,0.5833333333333333,0.05270462766947298,0.7623188405797101,0.08715556928687326,0.5722222222222222,0.10976968031314195,0.5722222222222222,0.05925925925925925
BW+Doppler,Medium KNN,20,0.7898097826086957,0.08271937969619143,0.6915873015873016,0.10472293647542683,0.6000000000000001,0.12247448713915893,0.7380434782608696,0.1394320402412254,0.5665413533834587,0.14393931234170107,0.5718610421836228,0.10998705492654416
BW+Doppler,Coarse KNN,20,0.7532608695652174,0.06815830444813185,0.6628571428571428,0.004665694748158418,0.0,0.0,1.0,0.0,0.0,0.0,0.0,0.0
BW+Doppler,Cosine KNN,20,0.798143115942029,0.0584921083975423,0.7474603174603176,0.06984559871144383,0.65,0.097182531580755,0.7974637681159421,0.11797025780478758,0.6516666666666666,0.14087031072743628,0.6376094276094275,0.07544233701380902
BW+Doppler,Weighted KNN,20,0.7969655797101449,0.08331815875631952,0.7307936507936509,0.0748078920335711,0.5666666666666667,0.14337208778404378,0.8137681159420289,0.09309126724331895,0.6276190476190476,0.14362965730673413,0.5838656470235417,0.10872548888909753
BW+Doppler,Boosted Trees,20,0.7385869565217391,0.10205454032069737,0.7307936507936509,0.06604281042832642,0.5166666666666666,0.14337208778404378,0.8402173913043478,0.10267376958874501,0.6447712418300654,0.1535629573504654,0.560328407224959,0.1100370345611338
BW+Doppler,Bagged Trees,20,0.802536231884058,0.09414376366482025,0.7479365079365079,0.10008386506001593,0.5666666666666667,0.062360956446232345,0.8405797101449275,0.13255621833280232,0.693974358974359,0.21580682062073472,0.613989417989418,0.11906052181694488
BW+Doppler,Subspace Discriminant,20,0.8087560386473429,0.07482133836429845,0.7477777777777778,0.06854754140083194,0.4833333333333334,0.062360956446232366,0.8822463768115943,0.08016995180254685,0.7004329004329004,0.1652563658194914,0.5681595292579275,0.09380342314458529
BW+Doppler,Subspace KNN,20,0.8160628019323672,0.07477058651055257,0.7361904761904763,0.07099089895856957,0.5833333333333334,0.09128709291752769,0.8137681159420289,0.09309126724331895,0.6358857808857808,0.14032800725415312,0.6011424388815694,0.08959093292080468
BW+Doppler,RUSBoosted Trees,20,0.7385869565217391,0.10205454032069737,0.7307936507936509,0.06604281042832642,0.5166666666666666,0.14337208778404378,0.8402173913043478,0.10267376958874501,0.6447712418300654,0.1535629573504654,0.560328407224959,0.1100370345611338
