dataset,model,dx,label,acc_mean,acc_std,n_folds_seen,n_images
BW,Bagged Trees,AK,MALIGNANT,0.375,0.4787135538781691,4,5
BW,Bagged Trees,ANGIOMA,BENIGN,0.75,0.3535533905932738,2,3
BW,Bagged Trees,BCC,MALIGNANT,0.5733333333333334,0.23967570682996733,5,31
BW,Bagged Trees,CYST,BENIGN,0.9216666666666666,0.07536946036396673,5,40
BW,Bagged Trees,DERMATOFIBROMA,BENIGN,0.9099999999999999,0.12449899597988731,5,21
BW,Bagged Trees,FAT NECROSIS,BENIGN,1.0,,1,1
BW,Bagged Trees,FIBROFOLLICULOMA,BENIGN,1.0,0.0,2,2
BW,Bagged Trees,FIBROMA,BENIGN,1.0,,1,1
BW,Bagged Trees,HEMANGIOMA,BENIGN,0.0,,1,1
BW,Bagged Trees,KA,MALIGNANT,0.0,,1,1
BW,Bagged Trees,LEIOMYOMA,BENIGN,1.0,0.0,2,4
BW,Bagged Trees,LIPOMA,BENIGN,0.9,0.09128709291752768,5,26
BW,Bagged Trees,LYMPHOMA,MALIGNANT,0.75,0.3535533905932738,2,3
BW,Bagged Trees,MERKEL,MALIGNANT,1.0,,1,1
BW,Bagged Trees,METASTASIS,MALIGNANT,0.5,0.5,3,4
BW,Bagged Trees,NEUROFIBROMA,BENIGN,0.5,,1,2
BW,Bagged Trees,OSTEOMA,BENIGN,1.0,,1,1
BW,Bagged Trees,PILOMATRICOMA,BENIGN,0.0,,1,1
BW,Bagged Trees,SCC,MALIGNANT,0.31666666666666665,0.3666666666666667,4,11
BW,Bagged Trees,SCHWANNOMA,BENIGN,1.0,0.0,2,2
BW,Bagged Trees,SEBK,BENIGN,0.625,0.47871355387816905,4,7
BW,Bagged Trees,SK,BENIGN,1.0,,1,1
BW,Bagged Trees,VENOUS MALFORMATION,BENIGN,1.0,0.0,2,2
BW,Boosted Trees,AK,MALIGNANT,0.375,0.4787135538781691,4,5
BW,Boosted Trees,ANGIOMA,BENIGN,1.0,0.0,2,3
BW,Boosted Trees,BCC,MALIGNANT,0.5983333333333334,0.2366138438703685,5,31
BW,Boosted Trees,CYST,BENIGN,0.9216666666666666,0.07536946036396673,5,40
BW,Boosted Trees,DERMATOFIBROMA,BENIGN,0.8714285714285713,0.1252548422625013,5,21
BW,Boosted Trees,FAT NECROSIS,BENIGN,1.0,,1,1
BW,Boosted Trees,FIBROFOLLICULOMA,BENIGN,1.0,0.0,2,2
BW,Boosted Trees,FIBROMA,BENIGN,1.0,,1,1
BW,Boosted Trees,HEMANGIOMA,BENIGN,1.0,,1,1
BW,Boosted Trees,KA,MALIGNANT,0.0,,1,1
BW,Boosted Trees,LEIOMYOMA,BENIGN,0.5,0.7071067811865476,2,4
BW,Boosted Trees,LIPOMA,BENIGN,0.9333333333333333,0.09128709291752767,5,26
BW,Boosted Trees,LYMPHOMA,MALIGNANT,0.5,0.7071067811865476,2,3
BW,Boosted Trees,MERKEL,MALIGNANT,1.0,,1,1
BW,Boosted Trees,METASTASIS,MALIGNANT,0.5,0.5,3,4
BW,Boosted Trees,NEUROFIBROMA,BENIGN,0.0,,1,2
BW,Boosted Trees,OSTEOMA,BENIGN,1.0,,1,1
BW,Boosted Trees,PILOMATRICOMA,BENIGN,0.0,,1,1
BW,Boosted Trees,SCC,MALIGNANT,0.18333333333333335,0.21343747458109497,4,11
BW,Boosted Trees,SCHWANNOMA,BENIGN,1.0,0.0,2,2
BW,Boosted Trees,SEBK,BENIGN,0.7083333333333333,0.34359213546813844,4,7
BW,Boosted Trees,SK,BENIGN,1.0,,1,1
BW,Boosted Trees,VENOUS MALFORMATION,BENIGN,1.0,0.0,2,2
BW,Coarse Gaussian SVM,AK,MALIGNANT,0.375,0.4787135538781691,4,5
BW,Coarse Gaussian SVM,ANGIOMA,BENIGN,1.0,0.0,2,3
BW,Coarse Gaussian SVM,BCC,MALIGNANT,0.44833333333333336,0.1732451698861728,5,31
BW,Coarse Gaussian SVM,CYST,BENIGN,0.9666666666666666,0.07453559924999298,5,40
BW,Coarse Gaussian SVM,DERMATOFIBROMA,BENIGN,0.9,0.13693063937629152,5,21
BW,Coarse Gaussian SVM,FAT NECROSIS,BENIGN,1.0,,1,1
BW,Coarse Gaussian SVM,FIBROFOLLICULOMA,BENIGN,1.0,0.0,2,2
BW,Coarse Gaussian SVM,FIBROMA,BENIGN,1.0,,1,1
BW,Coarse Gaussian SVM,HEMANGIOMA,BENIGN,0.0,,1,1
BW,Coarse Gaussian SVM,KA,MALIGNANT,0.0,,1,1
BW,Coarse Gaussian SVM,LEIOMYOMA,BENIGN,1.0,0.0,2,4
BW,Coarse Gaussian SVM,LIPOMA,BENIGN,0.9666666666666666,0.07453559924999296,5,26
BW,Coarse Gaussian SVM,LYMPHOMA,MALIGNANT,0.5,0.7071067811865476,2,3
BW,Coarse Gaussian SVM,MERKEL,MALIGNANT,1.0,,1,1
BW,Coarse Gaussian SVM,METASTASIS,MALIGNANT,0.5,0.5,3,4
BW,Coarse Gaussian SVM,NEUROFIBROMA,BENIGN,1.0,,1,2
BW,Coarse Gaussian SVM,OSTEOMA,BENIGN,1.0,,1,1
BW,Coarse Gaussian SVM,PILOMATRICOMA,BENIGN,1.0,,1,1
BW,Coarse Gaussian SVM,SCC,MALIGNANT,0.26666666666666666,0.3265986323710904,4,11
BW,Coarse Gaussian SVM,SCHWANNOMA,BENIGN,1.0,0.0,2,2
BW,Coarse Gaussian SVM,SEBK,BENIGN,0.625,0.47871355387816905,4,7
BW,Coarse Gaussian SVM,SK,BENIGN,1.0,,1,1
BW,Coarse Gaussian SVM,VENOUS MALFORMATION,BENIGN,1.0,0.0,2,2
BW,Coarse KNN,AK,MALIGNANT,0.0,0.0,4,5
BW,Coarse KNN,ANGIOMA,BENIGN,1.0,0.0,2,3
BW,Coarse KNN,BCC,MALIGNANT,0.0,0.0,5,31
BW,Coarse KNN,CYST,BENIGN,1.0,0.0,5,40
BW,Coarse KNN,DERMATOFIBROMA,BENIGN,1.0,0.0,5,21
BW,Coarse KNN,FAT NECROSIS,BENIGN,1.0,,1,1
BW,Coarse KNN,FIBROFOLLICULOMA,BENIGN,1.0,0.0,2,2
BW,Coarse KNN,FIBROMA,BENIGN,1.0,,1,1
BW,Coarse KNN,HEMANGIOMA,BENIGN,1.0,,1,1
BW,Coarse KNN,KA,MALIGNANT,0.0,,1,1
BW,Coarse KNN,LEIOMYOMA,BENIGN,1.0,0.0,2,4
BW,Coarse KNN,LIPOMA,BENIGN,1.0,0.0,5,26
BW,Coarse KNN,LYMPHOMA,MALIGNANT,0.0,0.0,2,3
BW,Coarse KNN,MERKEL,MALIGNANT,0.0,,1,1
BW,Coarse KNN,METASTASIS,MALIGNANT,0.0,0.0,3,4
BW,Coarse KNN,NEUROFIBROMA,BENIGN,1.0,,1,2
BW,Coarse KNN,OSTEOMA,BENIGN,1.0,,1,1
BW,Coarse KNN,PILOMATRICOMA,BENIGN,1.0,,1,1
BW,Coarse KNN,SCC,MALIGNANT,0.0,0.0,4,11
BW,Coarse KNN,SCHWANNOMA,BENIGN,1.0,0.0,2,2
BW,Coarse KNN,SEBK,BENIGN,1.0,0.0,4,7
BW,Coarse KNN,SK,BENIGN,1.0,,1,1
BW,Coarse KNN,VENOUS MALFORMATION,BENIGN,1.0,0.0,2,2
BW,Complex Tree,AK,MALIGNANT,0.375,0.4787135538781691,4,5
BW,Complex Tree,ANGIOMA,BENIGN,1.0,0.0,2,3
BW,Complex Tree,BCC,MALIGNANT,0.5283333333333333,0.11111805533855522,5,31
BW,Complex Tree,CYST,BENIGN,0.835,0.205851888502389,5,40
BW,Complex Tree,DERMATOFIBROMA,BENIGN,0.8314285714285715,0.20513808191815877,5,21
BW,Complex Tree,FAT NECROSIS,BENIGN,1.0,,1,1
BW,Complex Tree,FIBROFOLLICULOMA,BENIGN,1.0,0.0,2,2
BW,Complex Tree,FIBROMA,BENIGN,1.0,,1,1
BW,Complex Tree,HEMANGIOMA,BENIGN,1.0,,1,1
BW,Complex Tree,KA,MALIGNANT,1.0,,1,1
BW,Complex Tree,LEIOMYOMA,BENIGN,1.0,0.0,2,4
BW,Complex Tree,LIPOMA,BENIGN,0.7,0.2541325113662818,5,26
BW,Complex Tree,LYMPHOMA,MALIGNANT,0.75,0.3535533905932738,2,3
BW,Complex Tree,MERKEL,MALIGNANT,1.0,,1,1
BW,Complex Tree,METASTASIS,MALIGNANT,0.6666666666666666,0.5773502691896258,3,4
BW,Complex Tree,NEUROFIBROMA,BENIGN,0.5,,1,2
BW,Complex Tree,OSTEOMA,BENIGN,1.0,,1,1
BW,Complex Tree,PILOMATRICOMA,BENIGN,0.0,,1,1
BW,Complex Tree,SCC,MALIGNANT,0.4833333333333333,0.42295258468165065,4,11
BW,Complex Tree,SCHWANNOMA,BENIGN,1.0,0.0,2,2
BW,Complex Tree,SEBK,BENIGN,0.375,0.47871355387816905,4,7
BW,Complex Tree,SK,BENIGN,1.0,,1,1
BW,Complex Tree,VENOUS MALFORMATION,BENIGN,1.0,0.0,2,2
BW,Cosine KNN,AK,MALIGNANT,0.375,0.4787135538781691,4,5
BW,Cosine KNN,ANGIOMA,BENIGN,0.75,0.3535533905932738,2,3
BW,Cosine KNN,BCC,MALIGNANT,0.5283333333333333,0.20031225624010132,5,31
BW,Cosine KNN,CYST,BENIGN,0.850873015873016,0.035221914632018146,5,40
BW,Cosine KNN,DERMATOFIBROMA,BENIGN,0.86,0.21908902300206645,5,21
BW,Cosine KNN,FAT NECROSIS,BENIGN,1.0,,1,1
BW,Cosine KNN,FIBROFOLLICULOMA,BENIGN,1.0,0.0,2,2
BW,Cosine KNN,FIBROMA,BENIGN,1.0,,1,1
BW,Cosine KNN,HEMANGIOMA,BENIGN,0.0,,1,1
BW,Cosine KNN,KA,MALIGNANT,0.0,,1,1
BW,Cosine KNN,LEIOMYOMA,BENIGN,1.0,0.0,2,4
BW,Cosine KNN,LIPOMA,BENIGN,0.9,0.09128709291752768,5,26
BW,Cosine KNN,LYMPHOMA,MALIGNANT,0.75,0.3535533905932738,2,3
BW,Cosine KNN,MERKEL,MALIGNANT,1.0,,1,1
BW,Cosine KNN,METASTASIS,MALIGNANT,0.5,0.5,3,4
BW,Cosine KNN,NEUROFIBROMA,BENIGN,0.5,,1,2
BW,Cosine KNN,OSTEOMA,BENIGN,1.0,,1,1
BW,Cosine KNN,PILOMATRICOMA,BENIGN,0.0,,1,1
BW,Cosine KNN,SCC,MALIGNANT,0.26666666666666666,0.3265986323710904,4,11
BW,Cosine KNN,SCHWANNOMA,BENIGN,1.0,0.0,2,2
BW,Cosine KNN,SEBK,BENIGN,0.7083333333333333,0.34359213546813844,4,7
BW,Cosine KNN,SK,BENIGN,1.0,,1,1
BW,Cosine KNN,VENOUS MALFORMATION,BENIGN,1.0,0.0,2,2
BW,Cubic SVM,AK,MALIGNANT,0.0,0.0,4,5
BW,Cubic SVM,ANGIOMA,BENIGN,1.0,0.0,2,3
BW,Cubic SVM,BCC,MALIGNANT,0.2833333333333333,0.2173067468400883,5,31
BW,Cubic SVM,CYST,BENIGN,1.0,0.0,5,40
BW,Cubic SVM,DERMATOFIBROMA,BENIGN,1.0,0.0,5,21
BW,Cubic SVM,FAT NECROSIS,BENIGN,1.0,,1,1
BW,Cubic SVM,FIBROFOLLICULOMA,BENIGN,1.0,0.0,2,2
BW,Cubic SVM,FIBROMA,BENIGN,1.0,,1,1
BW,Cubic SVM,HEMANGIOMA,BENIGN,0.0,,1,1
BW,Cubic SVM,KA,MALIGNANT,0.0,,1,1
BW,Cubic SVM,LEIOMYOMA,BENIGN,1.0,0.0,2,4
BW,Cubic SVM,LIPOMA,BENIGN,1.0,0.0,5,26
BW,Cubic SVM,LYMPHOMA,MALIGNANT,0.0,0.0,2,3
BW,Cubic SVM,MERKEL,MALIGNANT,0.0,,1,1
BW,Cubic SVM,METASTASIS,MALIGNANT,0.0,0.0,3,4
BW,Cubic SVM,NEUROFIBROMA,BENIGN,0.5,,1,2
BW,Cubic SVM,OSTEOMA,BENIGN,1.0,,1,1
BW,Cubic SVM,PILOMATRICOMA,BENIGN,1.0,,1,1
BW,Cubic SVM,SCC,MALIGNANT,0.13333333333333333,0.1632993161855452,4,11
BW,Cubic SVM,SCHWANNOMA,BENIGN,1.0,0.0,2,2
BW,Cubic SVM,SEBK,BENIGN,0.7916666666666666,0.25,4,7
BW,Cubic SVM,SK,BENIGN,0.0,,1,1
BW,Cubic SVM,VENOUS MALFORMATION,BENIGN,1.0,0.0,2,2
BW,Fine Gaussian SVM,AK,MALIGNANT,0.0,0.0,4,5
BW,Fine Gaussian SVM,ANGIOMA,BENIGN,1.0,0.0,2,3
BW,Fine Gaussian SVM,BCC,MALIGNANT,0.025,0.05590169943749475,5,31
BW,Fine Gaussian SVM,CYST,BENIGN,0.9550000000000001,0.06224949798994364,5,40
BW,Fine Gaussian SVM,DERMATOFIBROMA,BENIGN,1.0,0.0,5,21
BW,Fine Gaussian SVM,FAT NECROSIS,BENIGN,1.0,,1,1
BW,Fine Gaussian SVM,FIBROFOLLICULOMA,BENIGN,0.5,0.7071067811865476,2,2
BW,Fine Gaussian SVM,FIBROMA,BENIGN,1.0,,1,1
BW,Fine Gaussian SVM,HEMANGIOMA,BENIGN,1.0,,1,1
BW,Fine Gaussian SVM,KA,MALIGNANT,0.0,,1,1
BW,Fine Gaussian SVM,LEIOMYOMA,BENIGN,1.0,0.0,2,4
BW,Fine Gaussian SVM,LIPOMA,BENIGN,1.0,0.0,5,26
BW,Fine Gaussian SVM,LYMPHOMA,MALIGNANT,0.0,0.0,2,3
BW,Fine Gaussian SVM,MERKEL,MALIGNANT,0.0,,1,1
BW,Fine Gaussian SVM,METASTASIS,MALIGNANT,0.0,0.0,3,4
BW,Fine Gaussian SVM,NEUROFIBROMA,BENIGN,1.0,,1,2
BW,Fine Gaussian SVM,OSTEOMA,BENIGN,1.0,,1,1
BW,Fine Gaussian SVM,PILOMATRICOMA,BENIGN,1.0,,1,1
BW,Fine Gaussian SVM,SCC,MALIGNANT,0.0,0.0,4,11
BW,Fine Gaussian SVM,SCHWANNOMA,BENIGN,1.0,0.0,2,2
BW,Fine Gaussian SVM,SEBK,BENIGN,1.0,0.0,4,7
BW,Fine Gaussian SVM,SK,BENIGN,1.0,,1,1
BW,Fine Gaussian SVM,VENOUS MALFORMATION,BENIGN,1.0,0.0,2,2
BW,Fine KNN,AK,MALIGNANT,0.375,0.4787135538781691,4,5
BW,Fine KNN,ANGIOMA,BENIGN,0.75,0.3535533905932738,2,3
BW,Fine KNN,BCC,MALIGNANT,0.5399999999999999,0.20330600909302537,5,31
BW,Fine KNN,CYST,BENIGN,0.8708730158730159,0.026399478720125925,5,40
BW,Fine KNN,DERMATOFIBROMA,BENIGN,0.8414285714285714,0.1711605046947073,5,21
BW,Fine KNN,FAT NECROSIS,BENIGN,1.0,,1,1
BW,Fine KNN,FIBROFOLLICULOMA,BENIGN,1.0,0.0,2,2
BW,Fine KNN,FIBROMA,BENIGN,1.0,,1,1
BW,Fine KNN,HEMANGIOMA,BENIGN,0.0,,1,1
BW,Fine KNN,KA,MALIGNANT,0.0,,1,1
BW,Fine KNN,LEIOMYOMA,BENIGN,0.3333333333333333,0.4714045207910317,2,4
BW,Fine KNN,LIPOMA,BENIGN,0.9,0.149071198499986,5,26
BW,Fine KNN,LYMPHOMA,MALIGNANT,1.0,0.0,2,3
BW,Fine KNN,MERKEL,MALIGNANT,0.0,,1,1
BW,Fine KNN,METASTASIS,MALIGNANT,0.6666666666666666,0.5773502691896258,3,4
BW,Fine KNN,NEUROFIBROMA,BENIGN,0.5,,1,2
BW,Fine KNN,OSTEOMA,BENIGN,1.0,,1,1
BW,Fine KNN,PILOMATRICOMA,BENIGN,1.0,,1,1
BW,Fine KNN,SCC,MALIGNANT,0.5666666666666667,0.41633319989322654,4,11
BW,Fine KNN,SCHWANNOMA,BENIGN,1.0,0.0,2,2
BW,Fine KNN,SEBK,BENIGN,0.375,0.47871355387816905,4,7
BW,Fine KNN,SK,BENIGN,0.0,,1,1
BW,Fine KNN,VENOUS MALFORMATION,BENIGN,0.5,0.7071067811865476,2,2
BW,Linear Discriminant Analysis,AK,MALIGNANT,0.5,0.5773502691896257,4,5
BW,Linear Discriminant Analysis,ANGIOMA,BENIGN,1.0,0.0,2,3
BW,Linear Discriminant Analysis,BCC,MALIGNANT,0.4966666666666667,0.17888543819998315,5,31
BW,Linear Discriminant Analysis,CYST,BENIGN,0.9333333333333332,0.14907119849998599,5,40
BW,Linear Discriminant Analysis,DERMATOFIBROMA,BENIGN,0.6814285714285714,0.39225928534424204,5,21
BW,Linear Discriminant Analysis,FAT NECROSIS,BENIGN,1.0,,1,1
BW,Linear Discriminant Analysis,FIBROFOLLICULOMA,BENIGN,1.0,0.0,2,2
BW,Linear Discriminant Analysis,FIBROMA,BENIGN,1.0,,1,1
BW,Linear Discriminant Analysis,HEMANGIOMA,BENIGN,1.0,,1,1
BW,Linear Discriminant Analysis,KA,MALIGNANT,0.0,,1,1
BW,Linear Discriminant Analysis,LEIOMYOMA,BENIGN,1.0,0.0,2,4
BW,Linear Discriminant Analysis,LIPOMA,BENIGN,0.9333333333333333,0.09128709291752767,5,26
BW,Linear Discriminant Analysis,LYMPHOMA,MALIGNANT,0.25,0.3535533905932738,2,3
BW,Linear Discriminant Analysis,MERKEL,MALIGNANT,1.0,,1,1
BW,Linear Discriminant Analysis,METASTASIS,MALIGNANT,0.5,0.5,3,4
BW,Linear Discriminant Analysis,NEUROFIBROMA,BENIGN,1.0,,1,2
BW,Linear Discriminant Analysis,OSTEOMA,BENIGN,1.0,,1,1
BW,Linear Discriminant Analysis,PILOMATRICOMA,BENIGN,1.0,,1,1
BW,Linear Discriminant Analysis,SCC,MALIGNANT,0.43333333333333335,0.41633319989322654,4,11
BW,Linear Discriminant Analysis,SCHWANNOMA,BENIGN,1.0,0.0,2,2
BW,Linear Discriminant Analysis,SEBK,BENIGN,0.7083333333333333,0.34359213546813844,4,7
BW,Linear Discriminant Analysis,SK,BENIGN,1.0,,1,1
BW,Linear Discriminant Analysis,VENOUS MALFORMATION,BENIGN,1.0,0.0,2,2
BW,Linear SVM,AK,MALIGNANT,0.125,0.25,4,5
BW,Linear SVM,ANGIOMA,BENIGN,1.0,0.0,2,3
BW,Linear SVM,BCC,MALIGNANT,0.375,0.2465033242958173,5,31
BW,Linear SVM,CYST,BENIGN,0.9666666666666666,0.07453559924999298,5,40
BW,Linear SVM,DERMATOFIBROMA,BENIGN,0.95,0.11180339887498948,5,21
BW,Linear SVM,FAT NECROSIS,BENIGN,1.0,,1,1
BW,Linear SVM,FIBROFOLLICULOMA,BENIGN,1.0,0.0,2,2
BW,Linear SVM,FIBROMA,BENIGN,1.0,,1,1
BW,Linear SVM,HEMANGIOMA,BENIGN,1.0,,1,1
BW,Linear SVM,KA,MALIGNANT,0.0,,1,1
BW,Linear SVM,LEIOMYOMA,BENIGN,1.0,0.0,2,4
BW,Linear SVM,LIPOMA,BENIGN,0.9666666666666666,0.07453559924999296,5,26
BW,Linear SVM,LYMPHOMA,MALIGNANT,0.0,0.0,2,3
BW,Linear SVM,MERKEL,MALIGNANT,1.0,,1,1
BW,Linear SVM,METASTASIS,MALIGNANT,0.5,0.5,3,4
BW,Linear SVM,NEUROFIBROMA,BENIGN,1.0,,1,2
BW,Linear SVM,OSTEOMA,BENIGN,1.0,,1,1
BW,Linear SVM,PILOMATRICOMA,BENIGN,1.0,,1,1
BW,Linear SVM,SCC,MALIGNANT,0.13333333333333333,0.1632993161855452,4,11
BW,Linear SVM,SCHWANNOMA,BENIGN,1.0,0.0,2,2
BW,Linear SVM,SEBK,BENIGN,0.7083333333333333,0.34359213546813844,4,7
BW,Linear SVM,SK,BENIGN,1.0,,1,1
BW,Linear SVM,VENOUS MALFORMATION,BENIGN,1.0,0.0,2,2
BW,Logistic Regression,AK,MALIGNANT,0.375,0.4787135538781691,4,5
BW,Logistic Regression,ANGIOMA,BENIGN,1.0,0.0,2,3
BW,Logistic Regression,BCC,MALIGNANT,0.48166666666666663,0.19968725547715857,5,31
BW,Logistic Regression,CYST,BENIGN,0.9416666666666667,0.08122328620674137,5,40
BW,Logistic Regression,DERMATOFIBROMA,BENIGN,0.7214285714285714,0.4168026988827188,5,21
BW,Logistic Regression,FAT NECROSIS,BENIGN,1.0,,1,1
BW,Logistic Regression,FIBROFOLLICULOMA,BENIGN,1.0,0.0,2,2
BW,Logistic Regression,FIBROMA,BENIGN,1.0,,1,1
BW,Logistic Regression,HEMANGIOMA,BENIGN,0.0,,1,1
BW,Logistic Regression,KA,MALIGNANT,0.0,,1,1
BW,Logistic Regression,LEIOMYOMA,BENIGN,1.0,0.0,2,4
BW,Logistic Regression,LIPOMA,BENIGN,0.9333333333333333,0.09128709291752767,5,26
BW,Logistic Regression,LYMPHOMA,MALIGNANT,0.75,0.3535533905932738,2,3
BW,Logistic Regression,MERKEL,MALIGNANT,1.0,,1,1
BW,Logistic Regression,METASTASIS,MALIGNANT,0.5,0.5,3,4
BW,Logistic Regression,NEUROFIBROMA,BENIGN,1.0,,1,2
BW,Logistic Regression,OSTEOMA,BENIGN,1.0,,1,1
BW,Logistic Regression,PILOMATRICOMA,BENIGN,1.0,,1,1
BW,Logistic Regression,SCC,MALIGNANT,0.26666666666666666,0.3265986323710904,4,11
BW,Logistic Regression,SCHWANNOMA,BENIGN,1.0,0.0,2,2
BW,Logistic Regression,SEBK,BENIGN,0.7083333333333333,0.34359213546813844,4,7
BW,Logistic Regression,SK,BENIGN,1.0,,1,1
BW,Logistic Regression,VENOUS MALFORMATION,BENIGN,1.0,0.0,2,2
BW,Medium Gaussian SVM,AK,MALIGNANT,0.375,0.4787135538781691,4,5
BW,Medium Gaussian SVM,ANGIOMA,BENIGN,1.0,0.0,2,3
BW,Medium Gaussian SVM,BCC,MALIGNANT,0.41500000000000004,0.17681597464281582,5,31
BW,Medium Gaussian SVM,CYST,BENIGN,0.9666666666666666,0.07453559924999298,5,40
BW,Medium Gaussian SVM,DERMATOFIBROMA,BENIGN,0.95,0.11180339887498948,5,21
BW,Medium Gaussian SVM,FAT NECROSIS,BENIGN,1.0,,1,1
BW,Medium Gaussian SVM,FIBROFOLLICULOMA,BENIGN,1.0,0.0,2,2
BW,Medium Gaussian SVM,FIBROMA,BENIGN,1.0,,1,1
BW,Medium Gaussian SVM,HEMANGIOMA,BENIGN,0.0,,1,1
BW,Medium Gaussian SVM,KA,MALIGNANT,0.0,,1,1
BW,Medium Gaussian SVM,LEIOMYOMA,BENIGN,1.0,0.0,2,4
BW,Medium Gaussian SVM,LIPOMA,BENIGN,0.9333333333333333,0.09128709291752767,5,26
BW,Medium Gaussian SVM,LYMPHOMA,MALIGNANT,0.75,0.3535533905932738,2,3
BW,Medium Gaussian SVM,MERKEL,MALIGNANT,1.0,,1,1
BW,Medium Gaussian SVM,METASTASIS,MALIGNANT,0.5,0.5,3,4
BW,Medium Gaussian SVM,NEUROFIBROMA,BENIGN,1.0,,1,2
BW,Medium Gaussian SVM,OSTEOMA,BENIGN,1.0,,1,1
BW,Medium Gaussian SVM,PILOMATRICOMA,BENIGN,1.0,,1,1
BW,Medium Gaussian SVM,SCC,MALIGNANT,0.21666666666666667,0.3144660377352201,4,11
BW,Medium Gaussian SVM,SCHWANNOMA,BENIGN,1.0,0.0,2,2
BW,Medium Gaussian SVM,SEBK,BENIGN,0.7083333333333333,0.34359213546813844,4,7
BW,Medium Gaussian SVM,SK,BENIGN,1.0,,1,1
BW,Medium Gaussian SVM,VENOUS MALFORMATION,BENIGN,1.0,0.0,2,2
BW,Medium KNN,AK,MALIGNANT,0.375,0.4787135538781691,4,5
BW,Medium KNN,ANGIOMA,BENIGN,1.0,0.0,2,3
BW,Medium KNN,BCC,MALIGNANT,0.4883333333333333,0.20238165265985292,5,31
BW,Medium KNN,CYST,BENIGN,0.8966666666666667,0.10826921179274476,5,40
BW,Medium KNN,DERMATOFIBROMA,BENIGN,0.9099999999999999,0.12449899597988731,5,21
BW,Medium KNN,FAT NECROSIS,BENIGN,1.0,,1,1
BW,Medium KNN,FIBROFOLLICULOMA,BENIGN,1.0,0.0,2,2
BW,Medium KNN,FIBROMA,BENIGN,1.0,,1,1
BW,Medium KNN,HEMANGIOMA,BENIGN,0.0,,1,1
BW,Medium KNN,KA,MALIGNANT,0.0,,1,1
BW,Medium KNN,LEIOMYOMA,BENIGN,1.0,0.0,2,4
BW,Medium KNN,LIPOMA,BENIGN,0.9666666666666666,0.07453559924999298,5,26
BW,Medium KNN,LYMPHOMA,MALIGNANT,0.75,0.3535533905932738,2,3
BW,Medium KNN,MERKEL,MALIGNANT,1.0,,1,1
BW,Medium KNN,METASTASIS,MALIGNANT,0.5,0.5,3,4
BW,Medium KNN,NEUROFIBROMA,BENIGN,0.5,,1,2
BW,Medium KNN,OSTEOMA,BENIGN,1.0,,1,1
BW,Medium KNN,PILOMATRICOMA,BENIGN,1.0,,1,1
BW,Medium KNN,SCC,MALIGNANT,0.26666666666666666,0.3265986323710904,4,11
BW,Medium KNN,SCHWANNOMA,BENIGN,1.0,0.0,2,2
BW,Medium KNN,SEBK,BENIGN,0.375,0.47871355387816905,4,7
BW,Medium KNN,SK,BENIGN,1.0,,1,1
BW,Medium KNN,VENOUS MALFORMATION,BENIGN,1.0,0.0,2,2
BW,Medium Tree,AK,MALIGNANT,0.375,0.4787135538781691,4,5
BW,Medium Tree,ANGIOMA,BENIGN,1.0,0.0,2,3
BW,Medium Tree,BCC,MALIGNANT,0.5283333333333333,0.11111805533855522,5,31
BW,Medium Tree,CYST,BENIGN,0.835,0.205851888502389,5,40
BW,Medium Tree,DERMATOFIBROMA,BENIGN,0.8314285714285715,0.20513808191815877,5,21
BW,Medium Tree,FAT NECROSIS,BENIGN,1.0,,1,1
BW,Medium Tree,FIBROFOLLICULOMA,BENIGN,1.0,0.0,2,2
BW,Medium Tree,FIBROMA,BENIGN,1.0,,1,1
BW,Medium Tree,HEMANGIOMA,BENIGN,1.0,,1,1
BW,Medium Tree,KA,MALIGNANT,1.0,,1,1
BW,Medium Tree,LEIOMYOMA,BENIGN,1.0,0.0,2,4
BW,Medium Tree,LIPOMA,BENIGN,0.7,0.2541325113662818,5,26
BW,Medium Tree,LYMPHOMA,MALIGNANT,0.75,0.3535533905932738,2,3
BW,Medium Tree,MERKEL,MALIGNANT,1.0,,1,1
BW,Medium Tree,METASTASIS,MALIGNANT,0.6666666666666666,0.5773502691896258,3,4
BW,Medium Tree,NEUROFIBROMA,BENIGN,0.5,,1,2
BW,Medium Tree,OSTEOMA,BENIGN,1.0,,1,1
BW,Medium Tree,PILOMATRICOMA,BENIGN,0.0,,1,1
BW,Medium Tree,SCC,MALIGNANT,0.4833333333333333,0.42295258468165065,4,11
BW,Medium Tree,SCHWANNOMA,BENIGN,1.0,0.0,2,2
BW,Medium Tree,SEBK,BENIGN,0.375,0.47871355387816905,4,7
BW,Medium Tree,SK,BENIGN,1.0,,1,1
BW,Medium Tree,VENOUS MALFORMATION,BENIGN,1.0,0.0,2,2
BW,Quadratic Discriminant Analysis,AK,MALIGNANT,0.125,0.25,4,5
BW,Quadratic Discriminant Analysis,ANGIOMA,BENIGN,1.0,0.0,2,3
BW,Quadratic Discriminant Analysis,BCC,MALIGNANT,0.5483333333333333,0.2552504216995102,5,31
BW,Quadratic Discriminant Analysis,CYST,BENIGN,0.8716666666666667,0.15496415356103777,5,40
BW,Quadratic Discriminant Analysis,DERMATOFIBROMA,BENIGN,0.6814285714285714,0.39225928534424204,5,21
BW,Quadratic Discriminant Analysis,FAT NECROSIS,BENIGN,1.0,,1,1
BW,Quadratic Discriminant Analysis,FIBROFOLLICULOMA,BENIGN,1.0,0.0,2,2
BW,Quadratic Discriminant Analysis,FIBROMA,BENIGN,1.0,,1,1
BW,Quadratic Discriminant Analysis,HEMANGIOMA,BENIGN,0.0,,1,1
BW,Quadratic Discriminant Analysis,KA,MALIGNANT,0.0,,1,1
BW,Quadratic Discriminant Analysis,LEIOMYOMA,BENIGN,1.0,0.0,2,4
BW,Quadratic Discriminant Analysis,LIPOMA,BENIGN,0.8166666666666667,0.12360330811826106,5,26
BW,Quadratic Discriminant Analysis,LYMPHOMA,MALIGNANT,0.75,0.3535533905932738,2,3
BW,Quadratic Discriminant Analysis,MERKEL,MALIGNANT,1.0,,1,1
BW,Quadratic Discriminant Analysis,METASTASIS,MALIGNANT,0.5,0.5,3,4
BW,Quadratic Discriminant Analysis,NEUROFIBROMA,BENIGN,0.5,,1,2
BW,Quadratic Discriminant Analysis,OSTEOMA,BENIGN,1.0,,1,1
BW,Quadratic Discriminant Analysis,PILOMATRICOMA,BENIGN,0.0,,1,1
BW,Quadratic Discriminant Analysis,SCC,MALIGNANT,0.5666666666666667,0.41633319989322654,4,11
BW,Quadratic Discriminant Analysis,SCHWANNOMA,BENIGN,1.0,0.0,2,2
BW,Quadratic Discriminant Analysis,SEBK,BENIGN,0.7083333333333333,0.34359213546813844,4,7
BW,Quadratic Discriminant Analysis,SK,BENIGN,0.0,,1,1
BW,Quadratic Discriminant Analysis,VENOUS MALFORMATION,BENIGN,0.5,0.7071067811865476,2,2
BW,Quadratic SVM,AK,MALIGNANT,0.375,0.4787135538781691,4,5
BW,Quadratic SVM,ANGIOMA,BENIGN,1.0,0.0,2,3
BW,Quadratic SVM,BCC,MALIGNANT,0.2833333333333333,0.2173067468400883,5,31
BW,Quadratic SVM,CYST,BENIGN,1.0,0.0,5,40
BW,Quadratic SVM,DERMATOFIBROMA,BENIGN,1.0,0.0,5,21
BW,Quadratic SVM,FAT NECROSIS,BENIGN,1.0,,1,1
BW,Quadratic SVM,FIBROFOLLICULOMA,BENIGN,1.0,0.0,2,2
BW,Quadratic SVM,FIBROMA,BENIGN,1.0,,1,1
BW,Quadratic SVM,HEMANGIOMA,BENIGN,1.0,,1,1
BW,Quadratic SVM,KA,MALIGNANT,0.0,,1,1
BW,Quadratic SVM,LEIOMYOMA,BENIGN,1.0,0.0,2,4
BW,Quadratic SVM,LIPOMA,BENIGN,1.0,0.0,5,26
BW,Quadratic SVM,LYMPHOMA,MALIGNANT,0.5,0.7071067811865476,2,3
BW,Quadratic SVM,MERKEL,MALIGNANT,0.0,,1,1
BW,Quadratic SVM,METASTASIS,MALIGNANT,0.16666666666666666,0.2886751345948129,3,4
BW,Quadratic SVM,NEUROFIBROMA,BENIGN,0.5,,1,2
BW,Quadratic SVM,OSTEOMA,BENIGN,1.0,,1,1
BW,Quadratic SVM,PILOMATRICOMA,BENIGN,1.0,,1,1
BW,Quadratic SVM,SCC,MALIGNANT,0.21666666666666667,0.3144660377352201,4,11
BW,Quadratic SVM,SCHWANNOMA,BENIGN,1.0,0.0,2,2
BW,Quadratic SVM,SEBK,BENIGN,0.875,0.25,4,7
BW,Quadratic SVM,SK,BENIGN,0.0,,1,1
BW,Quadratic SVM,VENOUS MALFORMATION,BENIGN,0.5,0.7071067811865476,2,2
BW,RUSBoosted Trees,AK,MALIGNANT,0.375,0.4787135538781691,4,5
BW,RUSBoosted Trees,ANGIOMA,BENIGN,1.0,0.0,2,3
BW,RUSBoosted Trees,BCC,MALIGNANT,0.5983333333333334,0.2366138438703685,5,31
BW,RUSBoosted Trees,CYST,BENIGN,0.9216666666666666,0.07536946036396673,5,40
BW,RUSBoosted Trees,DERMATOFIBROMA,BENIGN,0.8714285714285713,0.1252548422625013,5,21
BW,RUSBoosted Trees,FAT NECROSIS,BENIGN,1.0,,1,1
BW,RUSBoosted Trees,FIBROFOLLICULOMA,BENIGN,1.0,0.0,2,2
BW,RUSBoosted Trees,FIBROMA,BENIGN,1.0,,1,1
BW,RUSBoosted Trees,HEMANGIOMA,BENIGN,1.0,,1,1
BW,RUSBoosted Trees,KA,MALIGNANT,0.0,,1,1
BW,RUSBoosted Trees,LEIOMYOMA,BENIGN,0.5,0.7071067811865476,2,4
BW,RUSBoosted Trees,LIPOMA,BENIGN,0.9333333333333333,0.09128709291752767,5,26
BW,RUSBoosted Trees,LYMPHOMA,MALIGNANT,0.5,0.7071067811865476,2,3
BW,RUSBoosted Trees,MERKEL,MALIGNANT,1.0,,1,1
BW,RUSBoosted Trees,METASTASIS,MALIGNANT,0.5,0.5,3,4
BW,RUSBoosted Trees,NEUROFIBROMA,BENIGN,0.0,,1,2
BW,RUSBoosted Trees,OSTEOMA,BENIGN,1.0,,1,1
BW,RUSBoosted Trees,PILOMATRICOMA,BENIGN,0.0,,1,1
BW,RUSBoosted Trees,SCC,MALIGNANT,0.18333333333333335,0.21343747458109497,4,11
BW,RUSBoosted Trees,SCHWANNOMA,BENIGN,1.0,0.0,2,2
BW,RUSBoosted Trees,SEBK,BENIGN,0.7083333333333333,0.34359213546813844,4,7
BW,RUSBoosted Trees,SK,BENIGN,1.0,,1,1
BW,RUSBoosted Trees,VENOUS MALFORMATION,BENIGN,1.0,0.0,2,2
BW,Simple Tree,AK,MALIGNANT,0.125,0.25,4,5
BW,Simple Tree,ANGIOMA,BENIGN,1.0,0.0,2,3
BW,Simple Tree,BCC,MALIGNANT,0.41500000000000004,0.13181426326464066,5,31
BW,Simple Tree,CYST,BENIGN,0.8794444444444445,0.07596092237720035,5,40
BW,Simple Tree,DERMATOFIBROMA,BENIGN,0.6814285714285714,0.39225928534424204,5,21
BW,Simple Tree,FAT NECROSIS,BENIGN,1.0,,1,1
BW,Simple Tree,FIBROFOLLICULOMA,BENIGN,1.0,0.0,2,2
BW,Simple Tree,FIBROMA,BENIGN,1.0,,1,1
BW,Simple Tree,HEMANGIOMA,BENIGN,1.0,,1,1
BW,Simple Tree,KA,MALIGNANT,1.0,,1,1
BW,Simple Tree,LEIOMYOMA,BENIGN,1.0,0.0,2,4
BW,Simple Tree,LIPOMA,BENIGN,0.75,0.14433756729740646,5,26
BW,Simple Tree,LYMPHOMA,MALIGNANT,0.5,0.7071067811865476,2,3
BW,Simple Tree,MERKEL,MALIGNANT,1.0,,1,1
BW,Simple Tree,METASTASIS,MALIGNANT,0.6666666666666666,0.5773502691896258,3,4
BW,Simple Tree,NEUROFIBROMA,BENIGN,1.0,,1,2
BW,Simple Tree,OSTEOMA,BENIGN,1.0,,1,1
BW,Simple Tree,PILOMATRICOMA,BENIGN,0.0,,1,1
BW,Simple Tree,SCC,MALIGNANT,0.4083333333333333,0.33374973990834644,4,11
BW,Simple Tree,SCHWANNOMA,BENIGN,1.0,0.0,2,2
BW,Simple Tree,SEBK,BENIGN,0.625,0.47871355387816905,4,7
BW,Simple Tree,SK,BENIGN,1.0,,1,1
BW,Simple Tree,VENOUS MALFORMATION,BENIGN,1.0,0.0,2,2
BW,Subspace Discriminant,AK,MALIGNANT,0.375,0.4787135538781691,4,5
BW,Subspace Discriminant,ANGIOMA,BENIGN,1.0,0.0,2,3
BW,Subspace Discriminant,BCC,MALIGNANT,0.5216666666666667,0.14038637160826306,5,31
BW,Subspace Discriminant,CYST,BENIGN,0.9666666666666666,0.07453559924999298,5,40
BW,Subspace Discriminant,DERMATOFIBROMA,BENIGN,0.7214285714285714,0.4168026988827188,5,21
BW,Subspace Discriminant,FAT NECROSIS,BENIGN,1.0,,1,1
BW,Subspace Discriminant,FIBROFOLLICULOMA,BENIGN,1.0,0.0,2,2
BW,Subspace Discriminant,FIBROMA,BENIGN,1.0,,1,1
BW,Subspace Discriminant,HEMANGIOMA,BENIGN,0.0,,1,1
BW,Subspace Discriminant,KA,MALIGNANT,0.0,,1,1
BW,Subspace Discriminant,LEIOMYOMA,BENIGN,1.0,0.0,2,4
BW,Subspace Discriminant,LIPOMA,BENIGN,0.9333333333333333,0.09128709291752767,5,26
BW,Subspace Discriminant,LYMPHOMA,MALIGNANT,0.75,0.3535533905932738,2,3
BW,Subspace Discriminant,MERKEL,MALIGNANT,1.0,,1,1
BW,Subspace Discriminant,METASTASIS,MALIGNANT,0.5,0.5,3,4
BW,Subspace Discriminant,NEUROFIBROMA,BENIGN,0.5,,1,2
BW,Subspace Discriminant,OSTEOMA,BENIGN,1.0,,1,1
BW,Subspace Discriminant,PILOMATRICOMA,BENIGN,1.0,,1,1
BW,Subspace Discriminant,SCC,MALIGNANT,0.26666666666666666,0.3265986323710904,4,11
BW,Subspace Discriminant,SCHWANNOMA,BENIGN,1.0,0.0,2,2
BW,Subspace Discriminant,SEBK,BENIGN,0.7083333333333333,0.34359213546813844,4,7
BW,Subspace Discriminant,SK,BENIGN,1.0,,1,1
BW,Subspace Discriminant,VENOUS MALFORMATION,BENIGN,1.0,0.0,2,2
BW,Subspace KNN,AK,MALIGNANT,0.375,0.4787135538781691,4,5
BW,Subspace KNN,ANGIOMA,BENIGN,1.0,0.0,2,3
BW,Subspace KNN,BCC,MALIGNANT,0.45499999999999996,0.13328123982349838,5,31
BW,Subspace KNN,CYST,BENIGN,0.9216666666666666,0.07536946036396673,5,40
BW,Subspace KNN,DERMATOFIBROMA,BENIGN,0.86,0.21908902300206645,5,21
BW,Subspace KNN,FAT NECROSIS,BENIGN,1.0,,1,1
BW,Subspace KNN,FIBROFOLLICULOMA,BENIGN,1.0,0.0,2,2
BW,Subspace KNN,FIBROMA,BENIGN,1.0,,1,1
BW,Subspace KNN,HEMANGIOMA,BENIGN,0.0,,1,1
BW,Subspace KNN,KA,MALIGNANT,0.0,,1,1
BW,Subspace KNN,LEIOMYOMA,BENIGN,1.0,0.0,2,4
BW,Subspace KNN,LIPOMA,BENIGN,0.9666666666666666,0.07453559924999296,5,26
BW,Subspace KNN,LYMPHOMA,MALIGNANT,0.75,0.3535533905932738,2,3
BW,Subspace KNN,MERKEL,MALIGNANT,1.0,,1,1
BW,Subspace KNN,METASTASIS,MALIGNANT,0.5,0.5,3,4
BW,Subspace KNN,NEUROFIBROMA,BENIGN,0.5,,1,2
BW,Subspace KNN,OSTEOMA,BENIGN,1.0,,1,1
BW,Subspace KNN,PILOMATRICOMA,BENIGN,1.0,,1,1
BW,Subspace KNN,SCC,MALIGNANT,0.21666666666666667,0.3144660377352201,4,11
BW,Subspace KNN,SCHWANNOMA,BENIGN,1.0,0.0,2,2
BW,Subspace KNN,SEBK,BENIGN,0.625,0.47871355387816905,4,7
BW,Subspace KNN,SK,BENIGN,1.0,,1,1
BW,Subspace KNN,VENOUS MALFORMATION,BENIGN,1.0,0.0,2,2
BW,Weighted KNN,AK,MALIGNANT,0.375,0.4787135538781691,4,5
BW,Weighted KNN,ANGIOMA,BENIGN,1.0,0.0,2,3
BW,Weighted KNN,BCC,MALIGNANT,0.5216666666666667,0.14038637160826306,5,31
BW,Weighted KNN,CYST,BENIGN,0.9166666666666666,0.11785113019775793,5,40
BW,Weighted KNN,DERMATOFIBROMA,BENIGN,0.9099999999999999,0.12449899597988731,5,21
BW,Weighted KNN,FAT NECROSIS,BENIGN,1.0,,1,1
BW,Weighted KNN,FIBROFOLLICULOMA,BENIGN,1.0,0.0,2,2
BW,Weighted KNN,FIBROMA,BENIGN,1.0,,1,1
BW,Weighted KNN,HEMANGIOMA,BENIGN,0.0,,1,1
BW,Weighted KNN,KA,MALIGNANT,0.0,,1,1
BW,Weighted KNN,LEIOMYOMA,BENIGN,1.0,0.0,2,4
BW,Weighted KNN,LIPOMA,BENIGN,0.9666666666666666,0.07453559924999298,5,26
BW,Weighted KNN,LYMPHOMA,MALIGNANT,0.75,0.3535533905932738,2,3
BW,Weighted KNN,MERKEL,MALIGNANT,1.0,,1,1
BW,Weighted KNN,METASTASIS,MALIGNANT,0.5,0.5,3,4
BW,Weighted KNN,NEUROFIBROMA,BENIGN,0.5,,1,2
BW,Weighted KNN,OSTEOMA,BENIGN,1.0,,1,1
BW,Weighted KNN,PILOMATRICOMA,BENIGN,1.0,,1,1
BW,Weighted KNN,SCC,MALIGNANT,0.26666666666666666,0.3265986323710904,4,11
BW,Weighted KNN,SCHWANNOMA,BENIGN,1.0,0.0,2,2
BW,Weighted KNN,SEBK,BENIGN,0.625,0.47871355387816905,4,7
BW,Weighted KNN,SK,BENIGN,1.0,,1,1
BW,Weighted KNN,VENOUS MALFORMATION,BENIGN,1.0,0.0,2,2
BW+Doppler,Bagged Trees,AK,MALIGNANT,0.25,0.5,4,5
BW+Doppler,Bagged Trees,ANGIOMA,BENIGN,0.75,0.3535533905932738,2,3
BW+Doppler,Bagged Trees,BCC,MALIGNANT,0.6383333333333333,0.15541163977571879,5,31
BW+Doppler,Bagged Trees,CYST,BENIGN,0.8277777777777778,0.21008522667987817,5,40
BW+Doppler,Bagged Trees,DERMATOFIBROMA,BENIGN,0.71,0.4129164564412516,5,21
BW+Doppler,Bagged Trees,FAT NECROSIS,BENIGN,1.0,,1,1
BW+Doppler,Bagged Trees,FIBROFOLLICULOMA,BENIGN,1.0,0.0,2,2
BW+Doppler,Bagged Trees,FIBROMA,BENIGN,0.0,,1,1
BW+Doppler,Bagged Trees,HEMANGIOMA,BENIGN,1.0,,1,1
BW+Doppler,Bagged Trees,KA,MALIGNANT,0.0,,1,1
BW+Doppler,Bagged Trees,LEIOMYOMA,BENIGN,1.0,0.0,2,4
BW+Doppler,Bagged Trees,LIPOMA,BENIGN,0.9333333333333332,0.14907119849998599,5,26
BW+Doppler,Bagged Trees,LYMPHOMA,MALIGNANT,0.75,0.3535533905932738,2,3
BW+Doppler,Bagged Trees,MERKEL,MALIGNANT,1.0,,1,1
BW+Doppler,Bagged Trees,METASTASIS,MALIGNANT,0.5,0.5,3,4
BW+Doppler,Bagged Trees,NEUROFIBROMA,BENIGN,0.5,,1,2
BW+Doppler,Bagged Trees,OSTEOMA,BENIGN,1.0,,1,1
BW+Doppler,Bagged Trees,PILOMATRICOMA,BENIGN,0.0,,1,1
BW+Doppler,Bagged Trees,SCC,MALIGNANT,0.7666666666666666,0.2905932629027116,4,11
BW+Doppler,Bagged Trees,SCHWANNOMA,BENIGN,1.0,0.0,2,2
BW+Doppler,Bagged Trees,SEBK,BENIGN,0.7916666666666666,0.25,4,7
BW+Doppler,Bagged Trees,SK,BENIGN,1.0,,1,1
BW+Doppler,Bagged Trees,VENOUS MALFORMATION,BENIGN,1.0,0.0,2,2
BW+Doppler,Boosted Trees,AK,MALIGNANT,0.375,0.4787135538781691,4,5
BW+Doppler,Boosted Trees,ANGIOMA,BENIGN,0.75,0.3535533905932738,2,3
BW+Doppler,Boosted Trees,BCC,MALIGNANT,0.6316666666666666,0.25929926939949355,5,31
BW+Doppler,Boosted Trees,CYST,BENIGN,0.85,0.22360679774997896,5,40
BW+Doppler,Boosted Trees,DERMATOFIBROMA,BENIGN,0.71,0.4129164564412516,5,21
BW+Doppler,Boosted Trees,FAT NECROSIS,BENIGN,1.0,,1,1
BW+Doppler,Boosted Trees,FIBROFOLLICULOMA,BENIGN,1.0,0.0,2,2
BW+Doppler,Boosted Trees,FIBROMA,BENIGN,0.0,,1,1
BW+Doppler,Boosted Trees,HEMANGIOMA,BENIGN,1.0,,1,1
BW+Doppler,Boosted Trees,KA,MALIGNANT,0.0,,1,1
BW+Doppler,Boosted Trees,LEIOMYOMA,BENIGN,0.8333333333333333,0.23570226039551592,2,4
BW+Doppler,Boosted Trees,LIPOMA,BENIGN,0.9,0.22360679774997896,5,26
BW+Doppler,Boosted Trees,LYMPHOMA,MALIGNANT,0.0,0.0,2,3
BW+Doppler,Boosted Trees,MERKEL,MALIGNANT,1.0,,1,1
BW+Doppler,Boosted Trees,METASTASIS,MALIGNANT,0.5,0.5,3,4
BW+Doppler,Boosted Trees,NEUROFIBROMA,BENIGN,0.5,,1,2
BW+Doppler,Boosted Trees,OSTEOMA,BENIGN,1.0,,1,1
BW+Doppler,Boosted Trees,PILOMATRICOMA,BENIGN,0.0,,1,1
BW+Doppler,Boosted Trees,SCC,MALIGNANT,0.6916666666666667,0.21666666666666667,4,11
BW+Doppler,Boosted Trees,SCHWANNOMA,BENIGN,1.0,0.0,2,2
BW+Doppler,Boosted Trees,SEBK,BENIGN,0.7083333333333333,0.34359213546813844,4,7
BW+Doppler,Boosted Trees,SK,BENIGN,1.0,,1,1
BW+Doppler,Boosted Trees,VENOUS MALFORMATION,BENIGN,1.0,0.0,2,2
BW+Doppler,Coarse Gaussian SVM,AK,MALIGNANT,0.375,0.4787135538781691,4,5
BW+Doppler,Coarse Gaussian SVM,ANGIOMA,BENIGN,1.0,0.0,2,3
BW+Doppler,Coarse Gaussian SVM,BCC,MALIGNANT,0.5066666666666666,0.19061304607327725,5,31
BW+Doppler,Coarse Gaussian SVM,CYST,BENIGN,0.9333333333333332,0.14907119849998599,5,40
BW+Doppler,Coarse Gaussian SVM,DERMATOFIBROMA,BENIGN,0.75,0.4330127018922193,5,21
BW+Doppler,Coarse Gaussian SVM,FAT NECROSIS,BENIGN,1.0,,1,1
BW+Doppler,Coarse Gaussian SVM,FIBROFOLLICULOMA,BENIGN,1.0,0.0,2,2
BW+Doppler,Coarse Gaussian SVM,FIBROMA,BENIGN,0.0,,1,1
BW+Doppler,Coarse Gaussian SVM,HEMANGIOMA,BENIGN,1.0,,1,1
BW+Doppler,Coarse Gaussian SVM,KA,MALIGNANT,0.0,,1,1
BW+Doppler,Coarse Gaussian SVM,LEIOMYOMA,BENIGN,1.0,0.0,2,4
BW+Doppler,Coarse Gaussian SVM,LIPOMA,BENIGN,1.0,0.0,5,26
BW+Doppler,Coarse Gaussian SVM,LYMPHOMA,MALIGNANT,0.5,0.7071067811865476,2,3
BW+Doppler,Coarse Gaussian SVM,MERKEL,MALIGNANT,1.0,,1,1
BW+Doppler,Coarse Gaussian SVM,METASTASIS,MALIGNANT,0.5,0.5,3,4
BW+Doppler,Coarse Gaussian SVM,NEUROFIBROMA,BENIGN,0.5,,1,2
BW+Doppler,Coarse Gaussian SVM,OSTEOMA,BENIGN,1.0,,1,1
BW+Doppler,Coarse Gaussian SVM,PILOMATRICOMA,BENIGN,0.0,,1,1
BW+Doppler,Coarse Gaussian SVM,SCC,MALIGNANT,0.5666666666666667,0.41633319989322654,4,11
BW+Doppler,Coarse Gaussian SVM,SCHWANNOMA,BENIGN,1.0,0.0,2,2
BW+Doppler,Coarse Gaussian SVM,SEBK,BENIGN,0.625,0.47871355387816905,4,7
BW+Doppler,Coarse Gaussian SVM,SK,BENIGN,1.0,,1,1
BW+Doppler,Coarse Gaussian SVM,VENOUS MALFORMATION,BENIGN,1.0,0.0,2,2
BW+Doppler,Coarse KNN,AK,MALIGNANT,0.0,0.0,4,5
BW+Doppler,Coarse KNN,ANGIOMA,BENIGN,1.0,0.0,2,3
BW+Doppler,Coarse KNN,BCC,MALIGNANT,0.0,0.0,5,31
BW+Doppler,Coarse KNN,CYST,BENIGN,1.0,0.0,5,40
BW+Doppler,Coarse KNN,DERMATOFIBROMA,BENIGN,1.0,0.0,5,21
BW+Doppler,Coarse KNN,FAT NECROSIS,BENIGN,1.0,,1,1
BW+Doppler,Coarse KNN,FIBROFOLLICULOMA,BENIGN,1.0,0.0,2,2
BW+Doppler,Coarse KNN,FIBROMA,BENIGN,1.0,,1,1
BW+Doppler,Coarse KNN,HEMANGIOMA,BENIGN,1.0,,1,1
BW+Doppler,Coarse KNN,KA,MALIGNANT,0.0,,1,1
BW+Doppler,Coarse KNN,LEIOMYOMA,BENIGN,1.0,0.0,2,4
BW+Doppler,Coarse KNN,LIPOMA,BENIGN,1.0,0.0,5,26
BW+Doppler,Coarse KNN,LYMPHOMA,MALIGNANT,0.0,0.0,2,3
BW+Doppler,Coarse KNN,MERKEL,MALIGNANT,0.0,,1,1
BW+Doppler,Coarse KNN,METASTASIS,MALIGNANT,0.0,0.0,3,4
BW+Doppler,Coarse KNN,NEUROFIBROMA,BENIGN,1.0,,1,2
BW+Doppler,Coarse KNN,OSTEOMA,BENIGN,1.0,,1,1
BW+Doppler,Coarse KNN,PILOMATRICOMA,BENIGN,1.0,,1,1
BW+Doppler,Coarse KNN,SCC,MALIGNANT,0.0,0.0,4,11
BW+Doppler,Coarse KNN,SCHWANNOMA,BENIGN,1.0,0.0,2,2
BW+Doppler,Coarse KNN,SEBK,BENIGN,1.0,0.0,4,7
BW+Doppler,Coarse KNN,SK,BENIGN,1.0,,1,1
BW+Doppler,Coarse KNN,VENOUS MALFORMATION,BENIGN,1.0,0.0,2,2
BW+Doppler,Complex Tree,AK,MALIGNANT,0.75,0.5,4,5
BW+Doppler,Complex Tree,ANGIOMA,BENIGN,0.25,0.3535533905932738,2,3
BW+Doppler,Complex Tree,BCC,MALIGNANT,0.6533333333333333,0.12156388352540319,5,31
BW+Doppler,Complex Tree,CYST,BENIGN,0.7738888888888888,0.14619135945823514,5,40
BW+Doppler,Complex Tree,DERMATOFIBROMA,BENIGN,0.6599999999999999,0.4219004621945797,5,21
BW+Doppler,Complex Tree,FAT NECROSIS,BENIGN,1.0,,1,1
BW+Doppler,Complex Tree,FIBROFOLLICULOMA,BENIGN,1.0,0.0,2,2
BW+Doppler,Complex Tree,FIBROMA,BENIGN,0.0,,1,1
BW+Doppler,Complex Tree,HEMANGIOMA,BENIGN,1.0,,1,1
BW+Doppler,Complex Tree,KA,MALIGNANT,0.0,,1,1
BW+Doppler,Complex Tree,LEIOMYOMA,BENIGN,0.6666666666666666,0.4714045207910317,2,4
BW+Doppler,Complex Tree,LIPOMA,BENIGN,0.85,0.149071198499986,5,26
BW+Doppler,Complex Tree,LYMPHOMA,MALIGNANT,0.75,0.3535533905932738,2,3
BW+Doppler,Complex Tree,MERKEL,MALIGNANT,0.0,,1,1
BW+Doppler,Complex Tree,METASTASIS,MALIGNANT,0.5,0.5,3,4
BW+Doppler,Complex Tree,NEUROFIBROMA,BENIGN,0.0,,1,2
BW+Doppler,Complex Tree,OSTEOMA,BENIGN,1.0,,1,1
BW+Doppler,Complex Tree,PILOMATRICOMA,BENIGN,0.0,,1,1
BW+Doppler,Complex Tree,SCC,MALIGNANT,0.6083333333333333,0.28333333333333327,4,11
BW+Doppler,Complex Tree,SCHWANNOMA,BENIGN,1.0,0.0,2,2
BW+Doppler,Complex Tree,SEBK,BENIGN,0.75,0.5,4,7
BW+Doppler,Complex Tree,SK,BENIGN,0.0,,1,1
BW+Doppler,Complex Tree,VENOUS MALFORMATION,BENIGN,0.5,0.7071067811865476,2,2
BW+Doppler,Cosine KNN,AK,MALIGNANT,0.625,0.4787135538781691,4,5
BW+Doppler,Cosine KNN,ANGIOMA,BENIGN,0.75,0.3535533905932738,2,3
BW+Doppler,Cosine KNN,BCC,MALIGNANT,0.7849999999999999,0.14865134450189885,5,31
BW+Doppler,Cosine KNN,CYST,BENIGN,0.7670634920634921,0.21814391164540137,5,40
BW+Doppler,Cosine KNN,DERMATOFIBROMA,BENIGN,0.58,0.3882653731663435,5,21
BW+Doppler,Cosine KNN,FAT NECROSIS,BENIGN,1.0,,1,1
BW+Doppler,Cosine KNN,FIBROFOLLICULOMA,BENIGN,1.0,0.0,2,2
BW+Doppler,Cosine KNN,FIBROMA,BENIGN,0.0,,1,1
BW+Doppler,Cosine KNN,HEMANGIOMA,BENIGN,0.0,,1,1
BW+Doppler,Cosine KNN,KA,MALIGNANT,0.0,,1,1
BW+Doppler,Cosine KNN,LEIOMYOMA,BENIGN,0.8333333333333333,0.23570226039551592,2,4
BW+Doppler,Cosine KNN,LIPOMA,BENIGN,0.9,0.22360679774997896,5,26
BW+Doppler,Cosine KNN,LYMPHOMA,MALIGNANT,0.75,0.3535533905932738,2,3
BW+Doppler,Cosine KNN,MERKEL,MALIGNANT,1.0,,1,1
BW+Doppler,Cosine KNN,METASTASIS,MALIGNANT,0.5,0.5,3,4
BW+Doppler,Cosine KNN,NEUROFIBROMA,BENIGN,0.5,,1,2
BW+Doppler,Cosine KNN,OSTEOMA,BENIGN,1.0,,1,1
BW+Doppler,Cosine KNN,PILOMATRICOMA,BENIGN,0.0,,1,1
BW+Doppler,Cosine KNN,SCC,MALIGNANT,0.8166666666666667,0.21343747458109497,4,11
BW+Doppler,Cosine KNN,SCHWANNOMA,BENIGN,1.0,0.0,2,2
BW+Doppler,Cosine KNN,SEBK,BENIGN,0.625,0.47871355387816905,4,7
BW+Doppler,Cosine KNN,SK,BENIGN,1.0,,1,1
BW+Doppler,Cosine KNN,VENOUS MALFORMATION,BENIGN,1.0,0.0,2,2
BW+Doppler,Cubic SVM,AK,MALIGNANT,0.125,0.25,4,5
BW+Doppler,Cubic SVM,ANGIOMA,BENIGN,1.0,0.0,2,3
BW+Doppler,Cubic SVM,BCC,MALIGNANT,0.41500000000000004,0.13181426326464066,5,31
BW+Doppler,Cubic SVM,CYST,BENIGN,0.9666666666666666,0.07453559924999298,5,40
BW+Doppler,Cubic SVM,DERMATOFIBROMA,BENIGN,0.8,0.4472135954999579,5,21
BW+Doppler,Cubic SVM,FAT NECROSIS,BENIGN,1.0,,1,1
BW+Doppler,Cubic SVM,FIBROFOLLICULOMA,BENIGN,1.0,0.0,2,2
BW+Doppler,Cubic SVM,FIBROMA,BENIGN,0.0,,1,1
BW+Doppler,Cubic SVM,HEMANGIOMA,BENIGN,1.0,,1,1
BW+Doppler,Cubic SVM,KA,MALIGNANT,0.0,,1,1
BW+Doppler,Cubic SVM,LEIOMYOMA,BENIGN,1.0,0.0,2,4
BW+Doppler,Cubic SVM,LIPOMA,BENIGN,1.0,0.0,5,26
BW+Doppler,Cubic SVM,LYMPHOMA,MALIGNANT,0.0,0.0,2,3
BW+Doppler,Cubic SVM,MERKEL,MALIGNANT,1.0,,1,1
BW+Doppler,Cubic SVM,METASTASIS,MALIGNANT,0.16666666666666666,0.2886751345948129,3,4
BW+Doppler,Cubic SVM,NEUROFIBROMA,BENIGN,0.5,,1,2
BW+Doppler,Cubic SVM,OSTEOMA,BENIGN,1.0,,1,1
BW+Doppler,Cubic SVM,PILOMATRICOMA,BENIGN,1.0,,1,1
BW+Doppler,Cubic SVM,SCC,MALIGNANT,0.18333333333333335,0.21343747458109497,4,11
BW+Doppler,Cubic SVM,SCHWANNOMA,BENIGN,1.0,0.0,2,2
BW+Doppler,Cubic SVM,SEBK,BENIGN,0.7083333333333333,0.34359213546813844,4,7
BW+Doppler,Cubic SVM,SK,BENIGN,1.0,,1,1
BW+Doppler,Cubic SVM,VENOUS MALFORMATION,BENIGN,0.5,0.7071067811865476,2,2
BW+Doppler,Fine Gaussian SVM,AK,MALIGNANT,0.0,0.0,4,5
BW+Doppler,Fine Gaussian SVM,ANGIOMA,BENIGN,1.0,0.0,2,3
BW+Doppler,Fine Gaussian SVM,BCC,MALIGNANT,0.0,0.0,5,31
BW+Doppler,Fine Gaussian SVM,CYST,BENIGN,0.975,0.055901699437494734,5,40
BW+Doppler,Fine Gaussian SVM,DERMATOFIBROMA,BENIGN,1.0,0.0,5,21
BW+Doppler,Fine Gaussian SVM,FAT NECROSIS,BENIGN,1.0,,1,1
BW+Doppler,Fine Gaussian SVM,FIBROFOLLICULOMA,BENIGN,0.5,0.7071067811865476,2,2
BW+Doppler,Fine Gaussian SVM,FIBROMA,BENIGN,1.0,,1,1
BW+Doppler,Fine Gaussian SVM,HEMANGIOMA,BENIGN,1.0,,1,1
BW+Doppler,Fine Gaussian SVM,KA,MALIGNANT,0.0,,1,1
BW+Doppler,Fine Gaussian SVM,LEIOMYOMA,BENIGN,1.0,0.0,2,4
BW+Doppler,Fine Gaussian SVM,LIPOMA,BENIGN,1.0,0.0,5,26
BW+Doppler,Fine Gaussian SVM,LYMPHOMA,MALIGNANT,0.0,0.0,2,3
BW+Doppler,Fine Gaussian SVM,MERKEL,MALIGNANT,0.0,,1,1
BW+Doppler,Fine Gaussian SVM,METASTASIS,MALIGNANT,0.0,0.0,3,4
BW+Doppler,Fine Gaussian SVM,NEUROFIBROMA,BENIGN,1.0,,1,2
BW+Doppler,Fine Gaussian SVM,OSTEOMA,BENIGN,1.0,,1,1
BW+Doppler,Fine Gaussian SVM,PILOMATRICOMA,BENIGN,1.0,,1,1
BW+Doppler,Fine Gaussian SVM,SCC,MALIGNANT,0.0,0.0,4,11
BW+Doppler,Fine Gaussian SVM,SCHWANNOMA,BENIGN,1.0,0.0,2,2
BW+Doppler,Fine Gaussian SVM,SEBK,BENIGN,1.0,0.0,4,7
BW+Doppler,Fine Gaussian SVM,SK,BENIGN,1.0,,1,1
BW+Doppler,Fine Gaussian SVM,VENOUS MALFORMATION,BENIGN,1.0,0.0,2,2
BW+Doppler,Fine KNN,AK,MALIGNANT,0.25,0.5,4,5
BW+Doppler,Fine KNN,ANGIOMA,BENIGN,0.25,0.3535533905932738,2,3
BW+Doppler,Fine KNN,BCC,MALIGNANT,0.6533333333333333,0.12156388352540319,5,31
BW+Doppler,Fine KNN,CYST,BENIGN,0.8253968253968254,0.19665891576768046,5,40
BW+Doppler,Fine KNN,DERMATOFIBROMA,BENIGN,0.8414285714285714,0.1711605046947073,5,21
BW+Doppler,Fine KNN,FAT NECROSIS,BENIGN,0.0,,1,1
BW+Doppler,Fine KNN,FIBROFOLLICULOMA,BENIGN,1.0,0.0,2,2
BW+Doppler,Fine KNN,FIBROMA,BENIGN,0.0,,1,1
BW+Doppler,Fine KNN,HEMANGIOMA,BENIGN,0.0,,1,1
BW+Doppler,Fine KNN,KA,MALIGNANT,1.0,,1,1
BW+Doppler,Fine KNN,LEIOMYOMA,BENIGN,0.5,0.7071067811865476,2,4
BW+Doppler,Fine KNN,LIPOMA,BENIGN,0.8666666666666666,0.13944333775567927,5,26
BW+Doppler,Fine KNN,LYMPHOMA,MALIGNANT,1.0,0.0,2,3
BW+Doppler,Fine KNN,MERKEL,MALIGNANT,1.0,,1,1
BW+Doppler,Fine KNN,METASTASIS,MALIGNANT,0.3333333333333333,0.5773502691896258,3,4
BW+Doppler,Fine KNN,NEUROFIBROMA,BENIGN,0.5,,1,2
BW+Doppler,Fine KNN,OSTEOMA,BENIGN,1.0,,1,1
BW+Doppler,Fine KNN,PILOMATRICOMA,BENIGN,0.0,,1,1
BW+Doppler,Fine KNN,SCC,MALIGNANT,0.4833333333333333,0.42295258468165065,4,11
BW+Doppler,Fine KNN,SCHWANNOMA,BENIGN,1.0,0.0,2,2
BW+Doppler,Fine KNN,SEBK,BENIGN,0.7083333333333333,0.34359213546813844,4,7
BW+Doppler,Fine KNN,SK,BENIGN,1.0,,1,1
BW+Doppler,Fine KNN,VENOUS MALFORMATION,BENIGN,0.5,0.7071067811865476,2,2
BW+Doppler,Linear Discriminant Analysis,AK,MALIGNANT,0.5,0.5773502691896257,4,5
BW+Doppler,Linear Discriminant Analysis,ANGIOMA,BENIGN,0.75,0.3535533905932738,2,3
BW+Doppler,Linear Discriminant Analysis,BCC,MALIGNANT,0.6716666666666666,0.1790794361294575,5,31
BW+Doppler,Linear Discriminant Analysis,CYST,BENIGN,0.9133333333333333,0.14452988925785865,5,40
BW+Doppler,Linear Discriminant Analysis,DERMATOFIBROMA,BENIGN,0.75,0.4330127018922193,5,21
BW+Doppler,Linear Discriminant Analysis,FAT NECROSIS,BENIGN,1.0,,1,1
BW+Doppler,Linear Discriminant Analysis,FIBROFOLLICULOMA,BENIGN,1.0,0.0,2,2
BW+Doppler,Linear Discriminant Analysis,FIBROMA,BENIGN,0.0,,1,1
BW+Doppler,Linear Discriminant Analysis,HEMANGIOMA,BENIGN,1.0,,1,1
BW+Doppler,Linear Discriminant Analysis,KA,MALIGNANT,0.0,,1,1
BW+Doppler,Linear Discriminant Analysis,LEIOMYOMA,BENIGN,1.0,0.0,2,4
BW+Doppler,Linear Discriminant Analysis,LIPOMA,BENIGN,0.9333333333333332,0.14907119849998599,5,26
BW+Doppler,Linear Discriminant Analysis,LYMPHOMA,MALIGNANT,0.5,0.7071067811865476,2,3
BW+Doppler,Linear Discriminant Analysis,MERKEL,MALIGNANT,1.0,,1,1
BW+Doppler,Linear Discriminant Analysis,METASTASIS,MALIGNANT,0.5,0.5,3,4
BW+Doppler,Linear Discriminant Analysis,NEUROFIBROMA,BENIGN,0.5,,1,2
BW+Doppler,Linear Discriminant Analysis,OSTEOMA,BENIGN,1.0,,1,1
BW+Doppler,Linear Discriminant Analysis,PILOMATRICOMA,BENIGN,0.0,,1,1
BW+Doppler,Linear Discriminant Analysis,SCC,MALIGNANT,0.3583333333333333,0.26299556396765833,4,11
BW+Doppler,Linear Discriminant Analysis,SCHWANNOMA,BENIGN,1.0,0.0,2,2
BW+Doppler,Linear Discriminant Analysis,SEBK,BENIGN,0.625,0.47871355387816905,4,7
BW+Doppler,Linear Discriminant Analysis,SK,BENIGN,1.0,,1,1
BW+Doppler,Linear Discriminant Analysis,VENOUS MALFORMATION,BENIGN,1.0,0.0,2,2
BW+Doppler,Linear SVM,AK,MALIGNANT,0.375,0.4787135538781691,4,5
BW+Doppler,Linear SVM,ANGIOMA,BENIGN,0.75,0.3535533905932738,2,3
BW+Doppler,Linear SVM,BCC,MALIGNANT,0.5066666666666666,0.22410315085295485,5,31
BW+Doppler,Linear SVM,CYST,BENIGN,0.9666666666666666,0.07453559924999298,5,40
BW+Doppler,Linear SVM,DERMATOFIBROMA,BENIGN,0.75,0.4330127018922193,5,21
BW+Doppler,Linear SVM,FAT NECROSIS,BENIGN,1.0,,1,1
BW+Doppler,Linear SVM,FIBROFOLLICULOMA,BENIGN,1.0,0.0,2,2
BW+Doppler,Linear SVM,FIBROMA,BENIGN,0.0,,1,1
BW+Doppler,Linear SVM,HEMANGIOMA,BENIGN,1.0,,1,1
BW+Doppler,Linear SVM,KA,MALIGNANT,0.0,,1,1
BW+Doppler,Linear SVM,LEIOMYOMA,BENIGN,1.0,0.0,2,4
BW+Doppler,Linear SVM,LIPOMA,BENIGN,0.9666666666666666,0.07453559924999298,5,26
BW+Doppler,Linear SVM,LYMPHOMA,MALIGNANT,0.5,0.7071067811865476,2,3
BW+Doppler,Linear SVM,MERKEL,MALIGNANT,1.0,,1,1
BW+Doppler,Linear SVM,METASTASIS,MALIGNANT,0.16666666666666666,0.2886751345948129,3,4
BW+Doppler,Linear SVM,NEUROFIBROMA,BENIGN,0.5,,1,2
BW+Doppler,Linear SVM,OSTEOMA,BENIGN,1.0,,1,1
BW+Doppler,Linear SVM,PILOMATRICOMA,BENIGN,0.0,,1,1
BW+Doppler,Linear SVM,SCC,MALIGNANT,0.2333333333333333,0.2905932629027116,4,11
BW+Doppler,Linear SVM,SCHWANNOMA,BENIGN,1.0,0.0,2,2
BW+Doppler,Linear SVM,SEBK,BENIGN,0.625,0.47871355387816905,4,7
BW+Doppler,Linear SVM,SK,BENIGN,1.0,,1,1
BW+Doppler,Linear SVM,VENOUS MALFORMATION,BENIGN,1.0,0.0,2,2
BW+Doppler,Logistic Regression,AK,MALIGNANT,0.375,0.4787135538781691,4,5
BW+Doppler,Logistic Regression,ANGIOMA,BENIGN,0.75,0.3535533905932738,2,3
BW+Doppler,Logistic Regression,BCC,MALIGNANT,0.6316666666666666,0.25929926939949355,5,31
BW+Doppler,Logistic Regression,CYST,BENIGN,0.9047619047619048,0.14677176197545186,5,40
BW+Doppler,Logistic Regression,DERMATOFIBROMA,BENIGN,0.71,0.4129164564412516,5,21
BW+Doppler,Logistic Regression,FAT NECROSIS,BENIGN,1.0,,1,1
BW+Doppler,Logistic Regression,FIBROFOLLICULOMA,BENIGN,1.0,0.0,2,2
BW+Doppler,Logistic Regression,FIBROMA,BENIGN,0.0,,1,1
BW+Doppler,Logistic Regression,HEMANGIOMA,BENIGN,1.0,,1,1
BW+Doppler,Logistic Regression,KA,MALIGNANT,0.0,,1,1
BW+Doppler,Logistic Regression,LEIOMYOMA,BENIGN,1.0,0.0,2,4
BW+Doppler,Logistic Regression,LIPOMA,BENIGN,0.9666666666666666,0.07453559924999298,5,26
BW+Doppler,Logistic Regression,LYMPHOMA,MALIGNANT,0.75,0.3535533905932738,2,3
BW+Doppler,Logistic Regression,MERKEL,MALIGNANT,1.0,,1,1
BW+Doppler,Logistic Regression,METASTASIS,MALIGNANT,0.5,0.5,3,4
BW+Doppler,Logistic Regression,NEUROFIBROMA,BENIGN,0.5,,1,2
BW+Doppler,Logistic Regression,OSTEOMA,BENIGN,1.0,,1,1
BW+Doppler,Logistic Regression,PILOMATRICOMA,BENIGN,0.0,,1,1
BW+Doppler,Logistic Regression,SCC,MALIGNANT,0.6083333333333333,0.28333333333333327,4,11
BW+Doppler,Logistic Regression,SCHWANNOMA,BENIGN,1.0,0.0,2,2
BW+Doppler,Logistic Regression,SEBK,BENIGN,0.625,0.47871355387816905,4,7
BW+Doppler,Logistic Regression,SK,BENIGN,1.0,,1,1
BW+Doppler,Logistic Regression,VENOUS MALFORMATION,BENIGN,1.0,0.0,2,2
BW+Doppler,Medium Gaussian SVM,AK,MALIGNANT,0.125,0.25,4,5
BW+Doppler,Medium Gaussian SVM,ANGIOMA,BENIGN,1.0,0.0,2,3
BW+Doppler,Medium Gaussian SVM,BCC,MALIGNANT,0.5399999999999999,0.20330600909302537,5,31
BW+Doppler,Medium Gaussian SVM,CYST,BENIGN,0.9333333333333332,0.14907119849998599,5,40
BW+Doppler,Medium Gaussian SVM,DERMATOFIBROMA,BENIGN,0.75,0.4330127018922193,5,21
BW+Doppler,Medium Gaussian SVM,FAT NECROSIS,BENIGN,1.0,,1,1
BW+Doppler,Medium Gaussian SVM,FIBROFOLLICULOMA,BENIGN,1.0,0.0,2,2
BW+Doppler,Medium Gaussian SVM,FIBROMA,BENIGN,0.0,,1,1
BW+Doppler,Medium Gaussian SVM,HEMANGIOMA,BENIGN,1.0,,1,1
BW+Doppler,Medium Gaussian SVM,KA,MALIGNANT,0.0,,1,1
BW+Doppler,Medium Gaussian SVM,LEIOMYOMA,BENIGN,1.0,0.0,2,4
BW+Doppler,Medium Gaussian SVM,LIPOMA,BENIGN,0.9666666666666666,0.07453559924999298,5,26
BW+Doppler,Medium Gaussian SVM,LYMPHOMA,MALIGNANT,0.5,0.7071067811865476,2,3
BW+Doppler,Medium Gaussian SVM,MERKEL,MALIGNANT,1.0,,1,1
BW+Doppler,Medium Gaussian SVM,METASTASIS,MALIGNANT,0.16666666666666666,0.2886751345948129,3,4
BW+Doppler,Medium Gaussian SVM,NEUROFIBROMA,BENIGN,0.5,,1,2
BW+Doppler,Medium Gaussian SVM,OSTEOMA,BENIGN,1.0,,1,1
BW+Doppler,Medium Gaussian SVM,PILOMATRICOMA,BENIGN,0.0,,1,1
BW+Doppler,Medium Gaussian SVM,SCC,MALIGNANT,0.26666666666666666,0.3265986323710904,4,11
BW+Doppler,Medium Gaussian SVM,SCHWANNOMA,BENIGN,1.0,0.0,2,2
BW+Doppler,Medium Gaussian SVM,SEBK,BENIGN,0.7083333333333333,0.34359213546813844,4,7
BW+Doppler,Medium Gaussian SVM,SK,BENIGN,1.0,,1,1
BW+Doppler,Medium Gaussian SVM,VENOUS MALFORMATION,BENIGN,1.0,0.0,2,2
BW+Doppler,Medium KNN,AK,MALIGNANT,0.625,0.4787135538781691,4,5
BW+Doppler,Medium KNN,ANGIOMA,BENIGN,1.0,0.0,2,3
BW+Doppler,Medium KNN,BCC,MALIGNANT,0.665,0.29932795095383635,5,31
BW+Doppler,Medium KNN,CYST,BENIGN,0.8261904761904763,0.16139626028649834,5,40
BW+Doppler,Medium KNN,DERMATOFIBROMA,BENIGN,0.62,0.37516662964608144,5,21
BW+Doppler,Medium KNN,FAT NECROSIS,BENIGN,1.0,,1,1
BW+Doppler,Medium KNN,FIBROFOLLICULOMA,BENIGN,1.0,0.0,2,2
BW+Doppler,Medium KNN,FIBROMA,BENIGN,0.0,,1,1
BW+Doppler,Medium KNN,HEMANGIOMA,BENIGN,0.0,,1,1
BW+Doppler,Medium KNN,KA,MALIGNANT,0.0,,1,1
BW+Doppler,Medium KNN,LEIOMYOMA,BENIGN,0.8333333333333333,0.23570226039551592,2,4
BW+Doppler,Medium KNN,LIPOMA,BENIGN,0.9333333333333332,0.14907119849998599,5,26
BW+Doppler,Medium KNN,LYMPHOMA,MALIGNANT,0.5,0.7071067811865476,2,3
BW+Doppler,Medium KNN,MERKEL,MALIGNANT,1.0,,1,1
BW+Doppler,Medium KNN,METASTASIS,MALIGNANT,0.16666666666666666,0.2886751345948129,3,4
BW+Doppler,Medium KNN,NEUROFIBROMA,BENIGN,0.5,,1,2
BW+Doppler,Medium KNN,OSTEOMA,BENIGN,1.0,,1,1
BW+Doppler,Medium KNN,PILOMATRICOMA,BENIGN,0.0,,1,1
BW+Doppler,Medium KNN,SCC,MALIGNANT,0.5583333333333333,0.3023059524536175,4,11
BW+Doppler,Medium KNN,SCHWANNOMA,BENIGN,1.0,0.0,2,2
BW+Doppler,Medium KNN,SEBK,BENIGN,0.625,0.47871355387816905,4,7
BW+Doppler,Medium KNN,SK,BENIGN,1.0,,1,1
BW+Doppler,Medium KNN,VENOUS MALFORMATION,BENIGN,1.0,0.0,2,2
BW+Doppler,Medium Tree,AK,MALIGNANT,0.75,0.5,4,5
BW+Doppler,Medium Tree,ANGIOMA,BENIGN,0.25,0.3535533905932738,2,3
BW+Doppler,Medium Tree,BCC,MALIGNANT,0.6533333333333333,0.12156388352540319,5,31
BW+Doppler,Medium Tree,CYST,BENIGN,0.7738888888888888,0.14619135945823514,5,40
BW+Doppler,Medium Tree,DERMATOFIBROMA,BENIGN,0.6599999999999999,0.4219004621945797,5,21
BW+Doppler,Medium Tree,FAT NECROSIS,BENIGN,1.0,,1,1
BW+Doppler,Medium Tree,FIBROFOLLICULOMA,BENIGN,1.0,0.0,2,2
BW+Doppler,Medium Tree,FIBROMA,BENIGN,0.0,,1,1
BW+Doppler,Medium Tree,HEMANGIOMA,BENIGN,1.0,,1,1
BW+Doppler,Medium Tree,KA,MALIGNANT,0.0,,1,1
BW+Doppler,Medium Tree,LEIOMYOMA,BENIGN,0.6666666666666666,0.4714045207910317,2,4
BW+Doppler,Medium Tree,LIPOMA,BENIGN,0.85,0.149071198499986,5,26
BW+Doppler,Medium Tree,LYMPHOMA,MALIGNANT,0.75,0.3535533905932738,2,3
BW+Doppler,Medium Tree,MERKEL,MALIGNANT,0.0,,1,1
BW+Doppler,Medium Tree,METASTASIS,MALIGNANT,0.5,0.5,3,4
BW+Doppler,Medium Tree,NEUROFIBROMA,BENIGN,0.0,,1,2
BW+Doppler,Medium Tree,OSTEOMA,BENIGN,1.0,,1,1
BW+Doppler,Medium Tree,PILOMATRICOMA,BENIGN,0.0,,1,1
BW+Doppler,Medium Tree,SCC,MALIGNANT,0.6083333333333333,0.28333333333333327,4,11
BW+Doppler,Medium Tree,SCHWANNOMA,BENIGN,1.0,0.0,2,2
BW+Doppler,Medium Tree,SEBK,BENIGN,0.75,0.5,4,7
BW+Doppler,Medium Tree,SK,BENIGN,0.0,,1,1
BW+Doppler,Medium Tree,VENOUS MALFORMATION,BENIGN,0.5,0.7071067811865476,2,2
BW+Doppler,Quadratic Discriminant Analysis,AK,MALIGNANT,0.875,0.25,4,5
BW+Doppler,Quadratic Discriminant Analysis,ANGIOMA,BENIGN,0.75,0.3535533905932738,2,3
BW+Doppler,Quadratic Discriminant Analysis,BCC,MALIGNANT,0.7116666666666667,0.11359039474259161,5,31
BW+Doppler,Quadratic Discriminant Analysis,CYST,BENIGN,0.7192857142857143,0.21811460196840726,5,40
BW+Doppler,Quadratic Discriminant Analysis,DERMATOFIBROMA,BENIGN,0.6414285714285715,0.3873115078094539,5,21
BW+Doppler,Quadratic Discriminant Analysis,FAT NECROSIS,BENIGN,1.0,,1,1
BW+Doppler,Quadratic Discriminant Analysis,FIBROFOLLICULOMA,BENIGN,1.0,0.0,2,2
BW+Doppler,Quadratic Discriminant Analysis,FIBROMA,BENIGN,0.0,,1,1
BW+Doppler,Quadratic Discriminant Analysis,HEMANGIOMA,BENIGN,1.0,,1,1
BW+Doppler,Quadratic Discriminant Analysis,KA,MALIGNANT,0.0,,1,1
BW+Doppler,Quadratic Discriminant Analysis,LEIOMYOMA,BENIGN,0.8333333333333333,0.23570226039551592,2,4
BW+Doppler,Quadratic Discriminant Analysis,LIPOMA,BENIGN,0.9666666666666666,0.07453559924999298,5,26
BW+Doppler,Quadratic Discriminant Analysis,LYMPHOMA,MALIGNANT,0.75,0.3535533905932738,2,3
BW+Doppler,Quadratic Discriminant Analysis,MERKEL,MALIGNANT,1.0,,1,1
BW+Doppler,Quadratic Discriminant Analysis,METASTASIS,MALIGNANT,0.5,0.5,3,4
BW+Doppler,Quadratic Discriminant Analysis,NEUROFIBROMA,BENIGN,0.5,,1,2
BW+Doppler,Quadratic Discriminant Analysis,OSTEOMA,BENIGN,1.0,,1,1
BW+Doppler,Quadratic Discriminant Analysis,PILOMATRICOMA,BENIGN,0.0,,1,1
BW+Doppler,Quadratic Discriminant Analysis,SCC,MALIGNANT,0.6916666666666667,0.21666666666666667,4,11
BW+Doppler,Quadratic Discriminant Analysis,SCHWANNOMA,BENIGN,1.0,0.0,2,2
BW+Doppler,Quadratic Discriminant Analysis,SEBK,BENIGN,0.625,0.47871355387816905,4,7
BW+Doppler,Quadratic Discriminant Analysis,SK,BENIGN,1.0,,1,1
BW+Doppler,Quadratic Discriminant Analysis,VENOUS MALFORMATION,BENIGN,0.5,0.7071067811865476,2,2
BW+Doppler,Quadratic SVM,AK,MALIGNANT,0.0,0.0,4,5
BW+Doppler,Quadratic SVM,ANGIOMA,BENIGN,1.0,0.0,2,3
BW+Doppler,Quadratic SVM,BCC,MALIGNANT,0.25,0.18633899812498245,5,31
BW+Doppler,Quadratic SVM,CYST,BENIGN,0.975,0.055901699437494734,5,40
BW+Doppler,Quadratic SVM,DERMATOFIBROMA,BENIGN,1.0,0.0,5,21
BW+Doppler,Quadratic SVM,FAT NECROSIS,BENIGN,1.0,,1,1
BW+Doppler,Quadratic SVM,FIBROFOLLICULOMA,BENIGN,1.0,0.0,2,2
BW+Doppler,Quadratic SVM,FIBROMA,BENIGN,1.0,,1,1
BW+Doppler,Quadratic SVM,HEMANGIOMA,BENIGN,1.0,,1,1
BW+Doppler,Quadratic SVM,KA,MALIGNANT,0.0,,1,1
BW+Doppler,Quadratic SVM,LEIOMYOMA,BENIGN,1.0,0.0,2,4
BW+Doppler,Quadratic SVM,LIPOMA,BENIGN,1.0,0.0,5,26
BW+Doppler,Quadratic SVM,LYMPHOMA,MALIGNANT,0.5,0.7071067811865476,2,3
BW+Doppler,Quadratic SVM,MERKEL,MALIGNANT,0.0,,1,1
BW+Doppler,Quadratic SVM,METASTASIS,MALIGNANT,0.0,0.0,3,4
BW+Doppler,Quadratic SVM,NEUROFIBROMA,BENIGN,1.0,,1,2
BW+Doppler,Quadratic SVM,OSTEOMA,BENIGN,1.0,,1,1
BW+Doppler,Quadratic SVM,PILOMATRICOMA,BENIGN,1.0,,1,1
BW+Doppler,Quadratic SVM,SCC,MALIGNANT,0.05,0.1,4,11
BW+Doppler,Quadratic SVM,SCHWANNOMA,BENIGN,1.0,0.0,2,2
BW+Doppler,Quadratic SVM,SEBK,BENIGN,0.875,0.25,4,7
BW+Doppler,Quadratic SVM,SK,BENIGN,1.0,,1,1
BW+Doppler,Quadratic SVM,VENOUS MALFORMATION,BENIGN,1.0,0.0,2,2
BW+Doppler,RUSBoosted Trees,AK,MALIGNANT,0.375,0.4787135538781691,4,5
BW+Doppler,RUSBoosted Trees,ANGIOMA,BENIGN,0.75,0.3535533905932738,2,3
BW+Doppler,RUSBoosted Trees,BCC,MALIGNANT,0.6316666666666666,0.25929926939949355,5,31
BW+Doppler,RUSBoosted Trees,CYST,BENIGN,0.85,0.22360679774997896,5,40
BW+Doppler,RUSBoosted Trees,DERMATOFIBROMA,BENIGN,0.71,0.4129164564412516,5,21
BW+Doppler,RUSBoosted Trees,FAT NECROSIS,BENIGN,1.0,,1,1
BW+Doppler,RUSBoosted Trees,FIBROFOLLICULOMA,BENIGN,1.0,0.0,2,2
BW+Doppler,RUSBoosted Trees,FIBROMA,BENIGN,0.0,,1,1
BW+Doppler,RUSBoosted Trees,HEMANGIOMA,BENIGN,1.0,,1,1
BW+Doppler,RUSBoosted Trees,KA,MALIGNANT,0.0,,1,1
BW+Doppler,RUSBoosted Trees,LEIOMYOMA,BENIGN,0.8333333333333333,0.23570226039551592,2,4
BW+Doppler,RUSBoosted Trees,LIPOMA,BENIGN,0.9,0.22360679774997896,5,26
BW+Doppler,RUSBoosted Trees,LYMPHOMA,MALIGNANT,0.0,0.0,2,3
BW+Doppler,RUSBoosted Trees,MERKEL,MALIGNANT,1.0,,1,1
BW+Doppler,RUSBoosted Trees,METASTASIS,MALIGNANT,0.5,0.5,3,4
BW+Doppler,RUSBoosted Trees,NEUROFIBROMA,BENIGN,0.5,,1,2
BW+Doppler,RUSBoosted Trees,OSTEOMA,BENIGN,1.0,,1,1
BW+Doppler,RUSBoosted Trees,PILOMATRICOMA,BENIGN,0.0,,1,1
BW+Doppler,RUSBoosted Trees,SCC,MALIGNANT,0.6916666666666667,0.21666666666666667,4,11
BW+Doppler,RUSBoosted Trees,SCHWANNOMA,BENIGN,1.0,0.0,2,2
BW+Doppler,RUSBoosted Trees,SEBK,BENIGN,0.7083333333333333,0.34359213546813844,4,7
BW+Doppler,RUSBoosted Trees,SK,BENIGN,1.0,,1,1
BW+Doppler,RUSBoosted Trees,VENOUS MALFORMATION,BENIGN,1.0,0.0,2,2
BW+Doppler,Simple Tree,AK,MALIGNANT,0.375,0.4787135538781691,4,5
BW+Doppler,Simple Tree,ANGIOMA,BENIGN,0.75,0.3535533905932738,2,3
BW+Doppler,Simple Tree,BCC,MALIGNANT,0.6866666666666668,0.14643921757659198,5,31
BW+Doppler,Simple Tree,CYST,BENIGN,0.7827777777777778,0.2103825146468589,5,40
BW+Doppler,Simple Tree,DERMATOFIBROMA,BENIGN,0.76,0.43358966777357605,5,21
BW+Doppler,Simple Tree,FAT NECROSIS,BENIGN,1.0,,1,1
BW+Doppler,Simple Tree,FIBROFOLLICULOMA,BENIGN,1.0,0.0,2,2
BW+Doppler,Simple Tree,FIBROMA,BENIGN,0.0,,1,1
BW+Doppler,Simple Tree,HEMANGIOMA,BENIGN,1.0,,1,1
BW+Doppler,Simple Tree,KA,MALIGNANT,0.0,,1,1
BW+Doppler,Simple Tree,LEIOMYOMA,BENIGN,0.8333333333333333,0.23570226039551592,2,4
BW+Doppler,Simple Tree,LIPOMA,BENIGN,0.9666666666666666,0.07453559924999298,5,26
BW+Doppler,Simple Tree,LYMPHOMA,MALIGNANT,0.0,0.0,2,3
BW+Doppler,Simple Tree,MERKEL,MALIGNANT,1.0,,1,1
BW+Doppler,Simple Tree,METASTASIS,MALIGNANT,0.5,0.5,3,4
BW+Doppler,Simple Tree,NEUROFIBROMA,BENIGN,0.5,,1,2
BW+Doppler,Simple Tree,OSTEOMA,BENIGN,1.0,,1,1
BW+Doppler,Simple Tree,PILOMATRICOMA,BENIGN,0.0,,1,1
BW+Doppler,Simple Tree,SCC,MALIGNANT,0.6083333333333333,0.28333333333333327,4,11
BW+Doppler,Simple Tree,SCHWANNOMA,BENIGN,1.0,0.0,2,2
BW+Doppler,Simple Tree,SEBK,BENIGN,0.7083333333333333,0.34359213546813844,4,7
BW+Doppler,Simple Tree,SK,BENIGN,1.0,,1,1
BW+Doppler,Simple Tree,VENOUS MALFORMATION,BENIGN,1.0,0.0,2,2
BW+Doppler,Subspace Discriminant,AK,MALIGNANT,0.375,0.4787135538781691,4,5
BW+Doppler,Subspace Discriminant,ANGIOMA,BENIGN,0.75,0.3535533905932738,2,3
BW+Doppler,Subspace Discriminant,BCC,MALIGNANT,0.5983333333333334,0.2366138438703685,5,31
BW+Doppler,Subspace Discriminant,CYST,BENIGN,0.9333333333333332,0.14907119849998599,5,40
BW+Doppler,Subspace Discriminant,DERMATOFIBROMA,BENIGN,0.71,0.4129164564412516,5,21
BW+Doppler,Subspace Discriminant,FAT NECROSIS,BENIGN,1.0,,1,1
BW+Doppler,Subspace Discriminant,FIBROFOLLICULOMA,BENIGN,1.0,0.0,2,2
BW+Doppler,Subspace Discriminant,FIBROMA,BENIGN,0.0,,1,1
BW+Doppler,Subspace Discriminant,HEMANGIOMA,BENIGN,1.0,,1,1
BW+Doppler,Subspace Discriminant,KA,MALIGNANT,0.0,,1,1
BW+Doppler,Subspace Discriminant,LEIOMYOMA,BENIGN,1.0,0.0,2,4
BW+Doppler,Subspace Discriminant,LIPOMA,BENIGN,0.9666666666666666,0.07453559924999298,5,26
BW+Doppler,Subspace Discriminant,LYMPHOMA,MALIGNANT,0.75,0.3535533905932738,2,3
BW+Doppler,Subspace Discriminant,MERKEL,MALIGNANT,1.0,,1,1
BW+Doppler,Subspace Discriminant,METASTASIS,MALIGNANT,0.5,0.5,3,4
BW+Doppler,Subspace Discriminant,NEUROFIBROMA,BENIGN,0.5,,1,2
BW+Doppler,Subspace Discriminant,OSTEOMA,BENIGN,1.0,,1,1
BW+Doppler,Subspace Discriminant,PILOMATRICOMA,BENIGN,0.0,,1,1
BW+Doppler,Subspace Discriminant,SCC,MALIGNANT,0.5666666666666667,0.41633319989322654,4,11
BW+Doppler,Subspace Discriminant,SCHWANNOMA,BENIGN,1.0,0.0,2,2
BW+Doppler,Subspace Discriminant,SEBK,BENIGN,0.7083333333333333,0.34359213546813844,4,7
BW+Doppler,Subspace Discriminant,SK,BENIGN,1.0,,1,1
BW+Doppler,Subspace Discriminant,VENOUS MALFORMATION,BENIGN,1.0,0.0,2,2
BW+Doppler,Subspace KNN,AK,MALIGNANT,0.375,0.4787135538781691,4,5
BW+Doppler,Subspace KNN,ANGIOMA,BENIGN,1.0,0.0,2,3
BW+Doppler,Subspace KNN,BCC,MALIGNANT,0.5733333333333334,0.23967570682996733,5,31
BW+Doppler,Subspace KNN,CYST,BENIGN,0.8761904761904763,0.17036708399998396,5,40
BW+Doppler,Subspace KNN,DERMATOFIBROMA,BENIGN,0.6599999999999999,0.3830796261875591,5,21
BW+Doppler,Subspace KNN,FAT NECROSIS,BENIGN,1.0,,1,1
BW+Doppler,Subspace KNN,FIBROFOLLICULOMA,BENIGN,1.0,0.0,2,2
BW+Doppler,Subspace KNN,FIBROMA,BENIGN,0.0,,1,1
BW+Doppler,Subspace KNN,HEMANGIOMA,BENIGN,0.0,,1,1
BW+Doppler,Subspace KNN,KA,MALIGNANT,0.0,,1,1
BW+Doppler,Subspace KNN,LEIOMYOMA,BENIGN,1.0,0.0,2,4
BW+Doppler,Subspace KNN,LIPOMA,BENIGN,0.9666666666666666,0.07453559924999298,5,26
BW+Doppler,Subspace KNN,LYMPHOMA,MALIGNANT,0.5,0.7071067811865476,2,3
BW+Doppler,Subspace KNN,MERKEL,MALIGNANT,1.0,,1,1
BW+Doppler,Subspace KNN,METASTASIS,MALIGNANT,0.16666666666666666,0.2886751345948129,3,4
BW+Doppler,Subspace KNN,NEUROFIBROMA,BENIGN,0.5,,1,2
BW+Doppler,Subspace KNN,OSTEOMA,BENIGN,1.0,,1,1
BW+Doppler,Subspace KNN,PILOMATRICOMA,BENIGN,0.0,,1,1
BW+Doppler,Subspace KNN,SCC,MALIGNANT,0.43333333333333335,0.41633319989322654,4,11
BW+Doppler,Subspace KNN,SCHWANNOMA,BENIGN,1.0,0.0,2,2
BW+Doppler,Subspace KNN,SEBK,BENIGN,0.625,0.47871355387816905,4,7
BW+Doppler,Subspace KNN,SK,BENIGN,1.0,,1,1
BW+Doppler,Subspace KNN,VENOUS MALFORMATION,BENIGN,1.0,0.0,2,2
BW+Doppler,Weighted KNN,AK,MALIGNANT,0.5,0.5773502691896257,4,5
BW+Doppler,Weighted KNN,ANGIOMA,BENIGN,1.0,0.0,2,3
BW+Doppler,Weighted KNN,BCC,MALIGNANT,0.6316666666666666,0.25929926939949355,5,31
BW+Doppler,Weighted KNN,CYST,BENIGN,0.8761904761904763,0.17036708399998396,5,40
BW+Doppler,Weighted KNN,DERMATOFIBROMA,BENIGN,0.6599999999999999,0.3830796261875591,5,21
BW+Doppler,Weighted KNN,FAT NECROSIS,BENIGN,1.0,,1,1
BW+Doppler,Weighted KNN,FIBROFOLLICULOMA,BENIGN,1.0,0.0,2,2
BW+Doppler,Weighted KNN,FIBROMA,BENIGN,0.0,,1,1
BW+Doppler,Weighted KNN,HEMANGIOMA,BENIGN,0.0,,1,1
BW+Doppler,Weighted KNN,KA,MALIGNANT,0.0,,1,1
BW+Doppler,Weighted KNN,LEIOMYOMA,BENIGN,0.8333333333333333,0.23570226039551592,2,4
BW+Doppler,Weighted KNN,LIPOMA,BENIGN,0.9333333333333332,0.14907119849998599,5,26
BW+Doppler,Weighted KNN,LYMPHOMA,MALIGNANT,0.5,0.7071067811865476,2,3
BW+Doppler,Weighted KNN,MERKEL,MALIGNANT,1.0,,1,1
BW+Doppler,Weighted KNN,METASTASIS,MALIGNANT,0.16666666666666666,0.2886751345948129,3,4
BW+Doppler,Weighted KNN,NEUROFIBROMA,BENIGN,0.5,,1,2
BW+Doppler,Weighted KNN,OSTEOMA,BENIGN,1.0,,1,1
BW+Doppler,Weighted KNN,PILOMATRICOMA,BENIGN,0.0,,1,1
BW+Doppler,Weighted KNN,SCC,MALIGNANT,0.43333333333333335,0.41633319989322654,4,11
BW+Doppler,Weighted KNN,SCHWANNOMA,BENIGN,1.0,0.0,2,2
BW+Doppler,Weighted KNN,SEBK,BENIGN,0.625,0.47871355387816905,4,7
BW+Doppler,Weighted KNN,SK,BENIGN,1.0,,1,1
BW+Doppler,Weighted KNN,VENOUS MALFORMATION,BENIGN,1.0,0.0,2,2
Doppler,Bagged Trees,AK,MALIGNANT,0.25,0.5,4,5
Doppler,Bagged Trees,ANGIOMA,BENIGN,0.75,0.3535533905932738,2,3
Doppler,Bagged Trees,BCC,MALIGNANT,0.6783333333333333,0.09121098861674753,5,31
Doppler,Bagged Trees,CYST,BENIGN,0.7875396825396825,0.13114211843651577,5,40
Doppler,Bagged Trees,DERMATOFIBROMA,BENIGN,0.67,0.41170377700477806,5,21
Doppler,Bagged Trees,FAT NECROSIS,BENIGN,1.0,,1,1
Doppler,Bagged Trees,FIBROFOLLICULOMA,BENIGN,1.0,0.0,2,2
Doppler,Bagged Trees,FIBROMA,BENIGN,0.0,,1,1
Doppler,Bagged Trees,HEMANGIOMA,BENIGN,1.0,,1,1
Doppler,Bagged Trees,KA,MALIGNANT,0.0,,1,1
Doppler,Bagged Trees,LEIOMYOMA,BENIGN,1.0,0.0,2,4
Doppler,Bagged Trees,LIPOMA,BENIGN,0.9333333333333332,0.14907119849998599,5,26
Doppler,Bagged Trees,LYMPHOMA,MALIGNANT,0.0,0.0,2,3
Doppler,Bagged Trees,MERKEL,MALIGNANT,1.0,,1,1
Doppler,Bagged Trees,METASTASIS,MALIGNANT,0.16666666666666666,0.2886751345948129,3,4
Doppler,Bagged Trees,NEUROFIBROMA,BENIGN,0.5,,1,2
Doppler,Bagged Trees,OSTEOMA,BENIGN,1.0,,1,1
Doppler,Bagged Trees,PILOMATRICOMA,BENIGN,0.0,,1,1
Doppler,Bagged Trees,SCC,MALIGNANT,0.6083333333333333,0.28333333333333327,4,11
Doppler,Bagged Trees,SCHWANNOMA,BENIGN,1.0,0.0,2,2
Doppler,Bagged Trees,SEBK,BENIGN,0.7083333333333333,0.34359213546813844,4,7
Doppler,Bagged Trees,SK,BENIGN,1.0,,1,1
Doppler,Bagged Trees,VENOUS MALFORMATION,BENIGN,1.0,0.0,2,2
Doppler,Boosted Trees,AK,MALIGNANT,0.5,0.5773502691896257,4,5
Doppler,Boosted Trees,ANGIOMA,BENIGN,0.75,0.3535533905932738,2,3
Doppler,Boosted Trees,BCC,MALIGNANT,0.6316666666666666,0.25929926939949355,5,31
Doppler,Boosted Trees,CYST,BENIGN,0.7478571428571429,0.20271750727330395,5,40
Doppler,Boosted Trees,DERMATOFIBROMA,BENIGN,0.67,0.41170377700477806,5,21
Doppler,Boosted Trees,FAT NECROSIS,BENIGN,1.0,,1,1
Doppler,Boosted Trees,FIBROFOLLICULOMA,BENIGN,1.0,0.0,2,2
Doppler,Boosted Trees,FIBROMA,BENIGN,0.0,,1,1
Doppler,Boosted Trees,HEMANGIOMA,BENIGN,1.0,,1,1
Doppler,Boosted Trees,KA,MALIGNANT,0.0,,1,1
Doppler,Boosted Trees,LEIOMYOMA,BENIGN,0.8333333333333333,0.23570226039551592,2,4
Doppler,Boosted Trees,LIPOMA,BENIGN,0.9,0.22360679774997896,5,26
Doppler,Boosted Trees,LYMPHOMA,MALIGNANT,0.0,0.0,2,3
Doppler,Boosted Trees,MERKEL,MALIGNANT,1.0,,1,1
Doppler,Boosted Trees,METASTASIS,MALIGNANT,0.16666666666666666,0.2886751345948129,3,4
Doppler,Boosted Trees,NEUROFIBROMA,BENIGN,0.5,,1,2
Doppler,Boosted Trees,OSTEOMA,BENIGN,1.0,,1,1
Doppler,Boosted Trees,PILOMATRICOMA,BENIGN,0.0,,1,1
Doppler,Boosted Trees,SCC,MALIGNANT,0.6916666666666667,0.21666666666666667,4,11
Doppler,Boosted Trees,SCHWANNOMA,BENIGN,1.0,0.0,2,2
Doppler,Boosted Trees,SEBK,BENIGN,0.7083333333333333,0.34359213546813844,4,7
Doppler,Boosted Trees,SK,BENIGN,1.0,,1,1
Doppler,Boosted Trees,VENOUS MALFORMATION,BENIGN,0.5,0.7071067811865476,2,2
Doppler,Coarse Gaussian SVM,AK,MALIGNANT,0.5,0.5773502691896257,4,5
Doppler,Coarse Gaussian SVM,ANGIOMA,BENIGN,0.75,0.3535533905932738,2,3
Doppler,Coarse Gaussian SVM,BCC,MALIGNANT,0.6383333333333333,0.15541163977571879,5,31
Doppler,Coarse Gaussian SVM,CYST,BENIGN,0.9133333333333333,0.14452988925785865,5,40
Doppler,Coarse Gaussian SVM,DERMATOFIBROMA,BENIGN,0.71,0.4129164564412516,5,21
Doppler,Coarse Gaussian SVM,FAT NECROSIS,BENIGN,1.0,,1,1
Doppler,Coarse Gaussian SVM,FIBROFOLLICULOMA,BENIGN,1.0,0.0,2,2
Doppler,Coarse Gaussian SVM,FIBROMA,BENIGN,0.0,,1,1
Doppler,Coarse Gaussian SVM,HEMANGIOMA,BENIGN,0.0,,1,1
Doppler,Coarse Gaussian SVM,KA,MALIGNANT,0.0,,1,1
Doppler,Coarse Gaussian SVM,LEIOMYOMA,BENIGN,1.0,0.0,2,4
Doppler,Coarse Gaussian SVM,LIPOMA,BENIGN,1.0,0.0,5,26
Doppler,Coarse Gaussian SVM,LYMPHOMA,MALIGNANT,0.5,0.7071067811865476,2,3
Doppler,Coarse Gaussian SVM,MERKEL,MALIGNANT,1.0,,1,1
Doppler,Coarse Gaussian SVM,METASTASIS,MALIGNANT,0.16666666666666666,0.2886751345948129,3,4
Doppler,Coarse Gaussian SVM,NEUROFIBROMA,BENIGN,0.5,,1,2
Doppler,Coarse Gaussian SVM,OSTEOMA,BENIGN,1.0,,1,1
Doppler,Coarse Gaussian SVM,PILOMATRICOMA,BENIGN,0.0,,1,1
Doppler,Coarse Gaussian SVM,SCC,MALIGNANT,0.5166666666666666,0.42295258468165065,4,11
Doppler,Coarse Gaussian SVM,SCHWANNOMA,BENIGN,1.0,0.0,2,2
Doppler,Coarse Gaussian SVM,SEBK,BENIGN,0.7083333333333333,0.34359213546813844,4,7
Doppler,Coarse Gaussian SVM,SK,BENIGN,1.0,,1,1
Doppler,Coarse Gaussian SVM,VENOUS MALFORMATION,BENIGN,1.0,0.0,2,2
Doppler,Coarse KNN,AK,MALIGNANT,0.0,0.0,4,5
Doppler,Coarse KNN,ANGIOMA,BENIGN,1.0,0.0,2,3
Doppler,Coarse KNN,BCC,MALIGNANT,0.0,0.0,5,31
Doppler,Coarse KNN,CYST,BENIGN,1.0,0.0,5,40
Doppler,Coarse KNN,DERMATOFIBROMA,BENIGN,1.0,0.0,5,21
Doppler,Coarse KNN,FAT NECROSIS,BENIGN,1.0,,1,1
Doppler,Coarse KNN,FIBROFOLLICULOMA,BENIGN,1.0,0.0,2,2
Doppler,Coarse KNN,FIBROMA,BENIGN,1.0,,1,1
Doppler,Coarse KNN,HEMANGIOMA,BENIGN,1.0,,1,1
Doppler,Coarse KNN,KA,MALIGNANT,0.0,,1,1
Doppler,Coarse KNN,LEIOMYOMA,BENIGN,1.0,0.0,2,4
Doppler,Coarse KNN,LIPOMA,BENIGN,1.0,0.0,5,26
Doppler,Coarse KNN,LYMPHOMA,MALIGNANT,0.0,0.0,2,3
Doppler,Coarse KNN,MERKEL,MALIGNANT,0.0,,1,1
Doppler,Coarse KNN,METASTASIS,MALIGNANT,0.0,0.0,3,4
Doppler,Coarse KNN,NEUROFIBROMA,BENIGN,1.0,,1,2
Doppler,Coarse KNN,OSTEOMA,BENIGN,1.0,,1,1
Doppler,Coarse KNN,PILOMATRICOMA,BENIGN,1.0,,1,1
Doppler,Coarse KNN,SCC,MALIGNANT,0.0,0.0,4,11
Doppler,Coarse KNN,SCHWANNOMA,BENIGN,1.0,0.0,2,2
Doppler,Coarse KNN,SEBK,BENIGN,1.0,0.0,4,7
Doppler,Coarse KNN,SK,BENIGN,1.0,,1,1
Doppler,Coarse KNN,VENOUS MALFORMATION,BENIGN,1.0,0.0,2,2
Doppler,Complex Tree,AK,MALIGNANT,0.875,0.25,4,5
Doppler,Complex Tree,ANGIOMA,BENIGN,0.75,0.3535533905932738,2,3
Doppler,Complex Tree,BCC,MALIGNANT,0.6849999999999999,0.13545191848852578,5,31
Doppler,Complex Tree,CYST,BENIGN,0.6209523809523809,0.08293100156399993,5,40
Doppler,Complex Tree,DERMATOFIBROMA,BENIGN,0.5128571428571428,0.3031467617898524,5,21
Doppler,Complex Tree,FAT NECROSIS,BENIGN,1.0,,1,1
Doppler,Complex Tree,FIBROFOLLICULOMA,BENIGN,1.0,0.0,2,2
Doppler,Complex Tree,FIBROMA,BENIGN,0.0,,1,1
Doppler,Complex Tree,HEMANGIOMA,BENIGN,1.0,,1,1
Doppler,Complex Tree,KA,MALIGNANT,0.0,,1,1
Doppler,Complex Tree,LEIOMYOMA,BENIGN,0.8333333333333333,0.23570226039551592,2,4
Doppler,Complex Tree,LIPOMA,BENIGN,0.7833333333333333,0.2173067468400883,5,26
Doppler,Complex Tree,LYMPHOMA,MALIGNANT,0.25,0.3535533905932738,2,3
Doppler,Complex Tree,MERKEL,MALIGNANT,1.0,,1,1
Doppler,Complex Tree,METASTASIS,MALIGNANT,0.5,0.5,3,4
Doppler,Complex Tree,NEUROFIBROMA,BENIGN,1.0,,1,2
Doppler,Complex Tree,OSTEOMA,BENIGN,1.0,,1,1
Doppler,Complex Tree,PILOMATRICOMA,BENIGN,0.0,,1,1
Doppler,Complex Tree,SCC,MALIGNANT,0.6583333333333333,0.298607881119482,4,11
Doppler,Complex Tree,SCHWANNOMA,BENIGN,1.0,0.0,2,2
Doppler,Complex Tree,SEBK,BENIGN,0.625,0.47871355387816905,4,7
Doppler,Complex Tree,SK,BENIGN,1.0,,1,1
Doppler,Complex Tree,VENOUS MALFORMATION,BENIGN,1.0,0.0,2,2
Doppler,Cosine KNN,AK,MALIGNANT,1.0,0.0,4,5
Doppler,Cosine KNN,ANGIOMA,BENIGN,0.75,0.3535533905932738,2,3
Doppler,Cosine KNN,BCC,MALIGNANT,0.7849999999999999,0.1486513445018989,5,31
Doppler,Cosine KNN,CYST,BENIGN,0.7520634920634921,0.21133893900636866,5,40
Doppler,Cosine KNN,DERMATOFIBROMA,BENIGN,0.63,0.4295346318982906,5,21
Doppler,Cosine KNN,FAT NECROSIS,BENIGN,1.0,,1,1
Doppler,Cosine KNN,FIBROFOLLICULOMA,BENIGN,1.0,0.0,2,2
Doppler,Cosine KNN,FIBROMA,BENIGN,0.0,,1,1
Doppler,Cosine KNN,HEMANGIOMA,BENIGN,0.0,,1,1
Doppler,Cosine KNN,KA,MALIGNANT,0.0,,1,1
Doppler,Cosine KNN,LEIOMYOMA,BENIGN,0.6666666666666666,0.4714045207910317,2,4
Doppler,Cosine KNN,LIPOMA,BENIGN,0.9,0.22360679774997896,5,26
Doppler,Cosine KNN,LYMPHOMA,MALIGNANT,0.75,0.3535533905932738,2,3
Doppler,Cosine KNN,MERKEL,MALIGNANT,1.0,,1,1
Doppler,Cosine KNN,METASTASIS,MALIGNANT,0.16666666666666666,0.2886751345948129,3,4
Doppler,Cosine KNN,NEUROFIBROMA,BENIGN,0.5,,1,2
Doppler,Cosine KNN,OSTEOMA,BENIGN,1.0,,1,1
Doppler,Cosine KNN,PILOMATRICOMA,BENIGN,0.0,,1,1
Doppler,Cosine KNN,SCC,MALIGNANT,0.7666666666666666,0.2905932629027116,4,11
Doppler,Cosine KNN,SCHWANNOMA,BENIGN,1.0,0.0,2,2
Doppler,Cosine KNN,SEBK,BENIGN,0.7083333333333333,0.34359213546813844,4,7
Doppler,Cosine KNN,SK,BENIGN,1.0,,1,1
Doppler,Cosine KNN,VENOUS MALFORMATION,BENIGN,0.5,0.7071067811865476,2,2
Doppler,Cubic SVM,AK,MALIGNANT,0.25,0.5,4,5
Doppler,Cubic SVM,ANGIOMA,BENIGN,1.0,0.0,2,3
Doppler,Cubic SVM,BCC,MALIGNANT,0.44000000000000006,0.17857460314638496,5,31
Doppler,Cubic SVM,CYST,BENIGN,1.0,0.0,5,40
Doppler,Cubic SVM,DERMATOFIBROMA,BENIGN,0.8,0.4472135954999579,5,21
Doppler,Cubic SVM,FAT NECROSIS,BENIGN,1.0,,1,1
Doppler,Cubic SVM,FIBROFOLLICULOMA,BENIGN,1.0,0.0,2,2
Doppler,Cubic SVM,FIBROMA,BENIGN,0.0,,1,1
Doppler,Cubic SVM,HEMANGIOMA,BENIGN,1.0,,1,1
Doppler,Cubic SVM,KA,MALIGNANT,0.0,,1,1
Doppler,Cubic SVM,LEIOMYOMA,BENIGN,1.0,0.0,2,4
Doppler,Cubic SVM,LIPOMA,BENIGN,1.0,0.0,5,26
Doppler,Cubic SVM,LYMPHOMA,MALIGNANT,0.0,0.0,2,3
Doppler,Cubic SVM,MERKEL,MALIGNANT,1.0,,1,1
Doppler,Cubic SVM,METASTASIS,MALIGNANT,0.16666666666666666,0.2886751345948129,3,4
Doppler,Cubic SVM,NEUROFIBROMA,BENIGN,1.0,,1,2
Doppler,Cubic SVM,OSTEOMA,BENIGN,1.0,,1,1
Doppler,Cubic SVM,PILOMATRICOMA,BENIGN,1.0,,1,1
Doppler,Cubic SVM,SCC,MALIGNANT,0.18333333333333335,0.21343747458109497,4,11
Doppler,Cubic SVM,SCHWANNOMA,BENIGN,1.0,0.0,2,2
Doppler,Cubic SVM,SEBK,BENIGN,0.7083333333333333,0.34359213546813844,4,7
Doppler,Cubic SVM,SK,BENIGN,1.0,,1,1
Doppler,Cubic SVM,VENOUS MALFORMATION,BENIGN,0.5,0.7071067811865476,2,2
Doppler,Fine Gaussian SVM,AK,MALIGNANT,0.0,0.0,4,5
Doppler,Fine Gaussian SVM,ANGIOMA,BENIGN,1.0,0.0,2,3
Doppler,Fine Gaussian SVM,BCC,MALIGNANT,0.0,0.0,5,31
Doppler,Fine Gaussian SVM,CYST,BENIGN,0.9800000000000001,0.04472135954999578,5,40
Doppler,Fine Gaussian SVM,DERMATOFIBROMA,BENIGN,1.0,0.0,5,21
Doppler,Fine Gaussian SVM,FAT NECROSIS,BENIGN,1.0,,1,1
Doppler,Fine Gaussian SVM,FIBROFOLLICULOMA,BENIGN,1.0,0.0,2,2
Doppler,Fine Gaussian SVM,FIBROMA,BENIGN,1.0,,1,1
Doppler,Fine Gaussian SVM,HEMANGIOMA,BENIGN,1.0,,1,1
Doppler,Fine Gaussian SVM,KA,MALIGNANT,0.0,,1,1
Doppler,Fine Gaussian SVM,LEIOMYOMA,BENIGN,1.0,0.0,2,4
Doppler,Fine Gaussian SVM,LIPOMA,BENIGN,1.0,0.0,5,26
Doppler,Fine Gaussian SVM,LYMPHOMA,MALIGNANT,0.0,0.0,2,3
Doppler,Fine Gaussian SVM,MERKEL,MALIGNANT,0.0,,1,1
Doppler,Fine Gaussian SVM,METASTASIS,MALIGNANT,0.0,0.0,3,4
Doppler,Fine Gaussian SVM,NEUROFIBROMA,BENIGN,1.0,,1,2
Doppler,Fine Gaussian SVM,OSTEOMA,BENIGN,1.0,,1,1
Doppler,Fine Gaussian SVM,PILOMATRICOMA,BENIGN,1.0,,1,1
Doppler,Fine Gaussian SVM,SCC,MALIGNANT,0.0,0.0,4,11
Doppler,Fine Gaussian SVM,SCHWANNOMA,BENIGN,1.0,0.0,2,2
Doppler,Fine Gaussian SVM,SEBK,BENIGN,0.9166666666666666,0.16666666666666674,4,7
Doppler,Fine Gaussian SVM,SK,BENIGN,1.0,,1,1
Doppler,Fine Gaussian SVM,VENOUS MALFORMATION,BENIGN,1.0,0.0,2,2
Doppler,Fine KNN,AK,MALIGNANT,0.5,0.5773502691896257,4,5
Doppler,Fine KNN,ANGIOMA,BENIGN,1.0,0.0,2,3
Doppler,Fine KNN,BCC,MALIGNANT,0.6283333333333333,0.16578935765335212,5,31
Doppler,Fine KNN,CYST,BENIGN,0.8539682539682539,0.15689414340509927,5,40
Doppler,Fine KNN,DERMATOFIBROMA,BENIGN,0.6414285714285715,0.3873115078094539,5,21
Doppler,Fine KNN,FAT NECROSIS,BENIGN,1.0,,1,1
Doppler,Fine KNN,FIBROFOLLICULOMA,BENIGN,1.0,0.0,2,2
Doppler,Fine KNN,FIBROMA,BENIGN,0.0,,1,1
Doppler,Fine KNN,HEMANGIOMA,BENIGN,0.0,,1,1
Doppler,Fine KNN,KA,MALIGNANT,0.0,,1,1
Doppler,Fine KNN,LEIOMYOMA,BENIGN,0.8333333333333333,0.23570226039551592,2,4
Doppler,Fine KNN,LIPOMA,BENIGN,0.9666666666666668,0.07453559924999294,5,26
Doppler,Fine KNN,LYMPHOMA,MALIGNANT,0.5,0.7071067811865476,2,3
Doppler,Fine KNN,MERKEL,MALIGNANT,1.0,,1,1
Doppler,Fine KNN,METASTASIS,MALIGNANT,0.3333333333333333,0.5773502691896258,3,4
Doppler,Fine KNN,NEUROFIBROMA,BENIGN,1.0,,1,2
Doppler,Fine KNN,OSTEOMA,BENIGN,1.0,,1,1
Doppler,Fine KNN,PILOMATRICOMA,BENIGN,0.0,,1,1
Doppler,Fine KNN,SCC,MALIGNANT,0.5666666666666667,0.41633319989322654,4,11
Doppler,Fine KNN,SCHWANNOMA,BENIGN,1.0,0.0,2,2
Doppler,Fine KNN,SEBK,BENIGN,0.7083333333333333,0.34359213546813844,4,7
Doppler,Fine KNN,SK,BENIGN,1.0,,1,1
Doppler,Fine KNN,VENOUS MALFORMATION,BENIGN,1.0,0.0,2,2
Doppler,Linear Discriminant Analysis,AK,MALIGNANT,0.75,0.5,4,5
Doppler,Linear Discriminant Analysis,ANGIOMA,BENIGN,0.75,0.3535533905932738,2,3
Doppler,Linear Discriminant Analysis,BCC,MALIGNANT,0.6533333333333333,0.16931233465600393,5,31
Doppler,Linear Discriminant Analysis,CYST,BENIGN,0.8683333333333334,0.14147045235274006,5,40
Doppler,Linear Discriminant Analysis,DERMATOFIBROMA,BENIGN,0.71,0.4129164564412516,5,21
Doppler,Linear Discriminant Analysis,FAT NECROSIS,BENIGN,1.0,,1,1
Doppler,Linear Discriminant Analysis,FIBROFOLLICULOMA,BENIGN,1.0,0.0,2,2
Doppler,Linear Discriminant Analysis,FIBROMA,BENIGN,0.0,,1,1
Doppler,Linear Discriminant Analysis,HEMANGIOMA,BENIGN,1.0,,1,1
Doppler,Linear Discriminant Analysis,KA,MALIGNANT,0.0,,1,1
Doppler,Linear Discriminant Analysis,LEIOMYOMA,BENIGN,1.0,0.0,2,4
Doppler,Linear Discriminant Analysis,LIPOMA,BENIGN,0.9,0.22360679774997896,5,26
Doppler,Linear Discriminant Analysis,LYMPHOMA,MALIGNANT,0.75,0.3535533905932738,2,3
Doppler,Linear Discriminant Analysis,MERKEL,MALIGNANT,1.0,,1,1
Doppler,Linear Discriminant Analysis,METASTASIS,MALIGNANT,0.16666666666666666,0.2886751345948129,3,4
Doppler,Linear Discriminant Analysis,NEUROFIBROMA,BENIGN,0.5,,1,2
Doppler,Linear Discriminant Analysis,OSTEOMA,BENIGN,1.0,,1,1
Doppler,Linear Discriminant Analysis,PILOMATRICOMA,BENIGN,0.0,,1,1
Doppler,Linear Discriminant Analysis,SCC,MALIGNANT,0.6083333333333333,0.28333333333333327,4,11
Doppler,Linear Discriminant Analysis,SCHWANNOMA,BENIGN,1.0,0.0,2,2
Doppler,Linear Discriminant Analysis,SEBK,BENIGN,0.7083333333333333,0.34359213546813844,4,7
Doppler,Linear Discriminant Analysis,SK,BENIGN,1.0,,1,1
Doppler,Linear Discriminant Analysis,VENOUS MALFORMATION,BENIGN,1.0,0.0,2,2
Doppler,Linear SVM,AK,MALIGNANT,0.625,0.4787135538781691,4,5
Doppler,Linear SVM,ANGIOMA,BENIGN,0.75,0.3535533905932738,2,3
Doppler,Linear SVM,BCC,MALIGNANT,0.5983333333333334,0.2366138438703685,5,31
Doppler,Linear SVM,CYST,BENIGN,0.975,0.055901699437494734,5,40
Doppler,Linear SVM,DERMATOFIBROMA,BENIGN,0.8,0.4472135954999579,5,21
Doppler,Linear SVM,FAT NECROSIS,BENIGN,1.0,,1,1
Doppler,Linear SVM,FIBROFOLLICULOMA,BENIGN,1.0,0.0,2,2
Doppler,Linear SVM,FIBROMA,BENIGN,0.0,,1,1
Doppler,Linear SVM,HEMANGIOMA,BENIGN,1.0,,1,1
Doppler,Linear SVM,KA,MALIGNANT,0.0,,1,1
Doppler,Linear SVM,LEIOMYOMA,BENIGN,1.0,0.0,2,4
Doppler,Linear SVM,LIPOMA,BENIGN,0.9666666666666666,0.07453559924999298,5,26
Doppler,Linear SVM,LYMPHOMA,MALIGNANT,0.5,0.7071067811865476,2,3
Doppler,Linear SVM,MERKEL,MALIGNANT,1.0,,1,1
Doppler,Linear SVM,METASTASIS,MALIGNANT,0.16666666666666666,0.2886751345948129,3,4
Doppler,Linear SVM,NEUROFIBROMA,BENIGN,0.5,,1,2
Doppler,Linear SVM,OSTEOMA,BENIGN,1.0,,1,1
Doppler,Linear SVM,PILOMATRICOMA,BENIGN,0.0,,1,1
Doppler,Linear SVM,SCC,MALIGNANT,0.6083333333333333,0.28333333333333327,4,11
Doppler,Linear SVM,SCHWANNOMA,BENIGN,1.0,0.0,2,2
Doppler,Linear SVM,SEBK,BENIGN,0.7083333333333333,0.34359213546813844,4,7
Doppler,Linear SVM,SK,BENIGN,1.0,,1,1
Doppler,Linear SVM,VENOUS MALFORMATION,BENIGN,1.0,0.0,2,2
Doppler,Logistic Regression,AK,MALIGNANT,0.5,0.5773502691896257,4,5
Doppler,Logistic Regression,ANGIOMA,BENIGN,0.75,0.3535533905932738,2,3
Doppler,Logistic Regression,BCC,MALIGNANT,0.665,0.2751514734347853,5,31
Doppler,Logistic Regression,CYST,BENIGN,0.8883333333333333,0.13637163276217756,5,40
Doppler,Logistic Regression,DERMATOFIBROMA,BENIGN,0.71,0.4129164564412516,5,21
Doppler,Logistic Regression,FAT NECROSIS,BENIGN,1.0,,1,1
Doppler,Logistic Regression,FIBROFOLLICULOMA,BENIGN,1.0,0.0,2,2
Doppler,Logistic Regression,FIBROMA,BENIGN,0.0,,1,1
Doppler,Logistic Regression,HEMANGIOMA,BENIGN,1.0,,1,1
Doppler,Logistic Regression,KA,MALIGNANT,0.0,,1,1
Doppler,Logistic Regression,LEIOMYOMA,BENIGN,1.0,0.0,2,4
Doppler,Logistic Regression,LIPOMA,BENIGN,0.9666666666666666,0.07453559924999298,5,26
Doppler,Logistic Regression,LYMPHOMA,MALIGNANT,0.75,0.3535533905932738,2,3
Doppler,Logistic Regression,MERKEL,MALIGNANT,1.0,,1,1
Doppler,Logistic Regression,METASTASIS,MALIGNANT,0.16666666666666666,0.2886751345948129,3,4
Doppler,Logistic Regression,NEUROFIBROMA,BENIGN,0.5,,1,2
Doppler,Logistic Regression,OSTEOMA,BENIGN,1.0,,1,1
Doppler,Logistic Regression,PILOMATRICOMA,BENIGN,0.0,,1,1
Doppler,Logistic Regression,SCC,MALIGNANT,0.6083333333333333,0.28333333333333327,4,11
Doppler,Logistic Regression,SCHWANNOMA,BENIGN,1.0,0.0,2,2
Doppler,Logistic Regression,SEBK,BENIGN,0.7083333333333333,0.34359213546813844,4,7
Doppler,Logistic Regression,SK,BENIGN,1.0,,1,1
Doppler,Logistic Regression,VENOUS MALFORMATION,BENIGN,0.5,0.7071067811865476,2,2
Doppler,Medium Gaussian SVM,AK,MALIGNANT,0.5,0.5773502691896257,4,5
Doppler,Medium Gaussian SVM,ANGIOMA,BENIGN,1.0,0.0,2,3
Doppler,Medium Gaussian SVM,BCC,MALIGNANT,0.5983333333333334,0.2366138438703685,5,31
Doppler,Medium Gaussian SVM,CYST,BENIGN,0.9333333333333332,0.14907119849998599,5,40
Doppler,Medium Gaussian SVM,DERMATOFIBROMA,BENIGN,0.71,0.4129164564412516,5,21
Doppler,Medium Gaussian SVM,FAT NECROSIS,BENIGN,1.0,,1,1
Doppler,Medium Gaussian SVM,FIBROFOLLICULOMA,BENIGN,1.0,0.0,2,2
Doppler,Medium Gaussian SVM,FIBROMA,BENIGN,0.0,,1,1
Doppler,Medium Gaussian SVM,HEMANGIOMA,BENIGN,0.0,,1,1
Doppler,Medium Gaussian SVM,KA,MALIGNANT,0.0,,1,1
Doppler,Medium Gaussian SVM,LEIOMYOMA,BENIGN,1.0,0.0,2,4
Doppler,Medium Gaussian SVM,LIPOMA,BENIGN,0.9666666666666666,0.07453559924999298,5,26
Doppler,Medium Gaussian SVM,LYMPHOMA,MALIGNANT,0.5,0.7071067811865476,2,3
Doppler,Medium Gaussian SVM,MERKEL,MALIGNANT,1.0,,1,1
Doppler,Medium Gaussian SVM,METASTASIS,MALIGNANT,0.16666666666666666,0.2886751345948129,3,4
Doppler,Medium Gaussian SVM,NEUROFIBROMA,BENIGN,0.5,,1,2
Doppler,Medium Gaussian SVM,OSTEOMA,BENIGN,1.0,,1,1
Doppler,Medium Gaussian SVM,PILOMATRICOMA,BENIGN,0.0,,1,1
Doppler,Medium Gaussian SVM,SCC,MALIGNANT,0.6416666666666666,0.26299556396765833,4,11
Doppler,Medium Gaussian SVM,SCHWANNOMA,BENIGN,1.0,0.0,2,2
Doppler,Medium Gaussian SVM,SEBK,BENIGN,0.7083333333333333,0.34359213546813844,4,7
Doppler,Medium Gaussian SVM,SK,BENIGN,1.0,,1,1
Doppler,Medium Gaussian SVM,VENOUS MALFORMATION,BENIGN,1.0,0.0,2,2
Doppler,Medium KNN,AK,MALIGNANT,0.5,0.5773502691896257,4,5
Doppler,Medium KNN,ANGIOMA,BENIGN,1.0,0.0,2,3
Doppler,Medium KNN,BCC,MALIGNANT,0.7050000000000001,0.19289461717044706,5,31
Doppler,Medium KNN,CYST,BENIGN,0.8026190476190476,0.17720988875116933,5,40
Doppler,Medium KNN,DERMATOFIBROMA,BENIGN,0.62,0.37516662964608144,5,21
Doppler,Medium KNN,FAT NECROSIS,BENIGN,1.0,,1,1
Doppler,Medium KNN,FIBROFOLLICULOMA,BENIGN,1.0,0.0,2,2
Doppler,Medium KNN,FIBROMA,BENIGN,0.0,,1,1
Doppler,Medium KNN,HEMANGIOMA,BENIGN,0.0,,1,1
Doppler,Medium KNN,KA,MALIGNANT,0.0,,1,1
Doppler,Medium KNN,LEIOMYOMA,BENIGN,0.8333333333333333,0.23570226039551592,2,4
Doppler,Medium KNN,LIPOMA,BENIGN,0.9333333333333332,0.14907119849998599,5,26
Doppler,Medium KNN,LYMPHOMA,MALIGNANT,0.5,0.7071067811865476,2,3
Doppler,Medium KNN,MERKEL,MALIGNANT,1.0,,1,1
Doppler,Medium KNN,METASTASIS,MALIGNANT,0.16666666666666666,0.2886751345948129,3,4
Doppler,Medium KNN,NEUROFIBROMA,BENIGN,0.5,,1,2
Doppler,Medium KNN,OSTEOMA,BENIGN,1.0,,1,1
Doppler,Medium KNN,PILOMATRICOMA,BENIGN,0.0,,1,1
Doppler,Medium KNN,SCC,MALIGNANT,0.6416666666666666,0.26299556396765833,4,11
Doppler,Medium KNN,SCHWANNOMA,BENIGN,1.0,0.0,2,2
Doppler,Medium KNN,SEBK,BENIGN,0.625,0.47871355387816905,4,7
Doppler,Medium KNN,SK,BENIGN,1.0,,1,1
Doppler,Medium KNN,VENOUS MALFORMATION,BENIGN,0.5,0.7071067811865476,2,2
Doppler,Medium Tree,AK,MALIGNANT,0.875,0.25,4,5
Doppler,Medium Tree,ANGIOMA,BENIGN,0.75,0.3535533905932738,2,3
Doppler,Medium Tree,BCC,MALIGNANT,0.6849999999999999,0.13545191848852578,5,31
Doppler,Medium Tree,CYST,BENIGN,0.6209523809523809,0.08293100156399993,5,40
Doppler,Medium Tree,DERMATOFIBROMA,BENIGN,0.5128571428571428,0.3031467617898524,5,21
Doppler,Medium Tree,FAT NECROSIS,BENIGN,1.0,,1,1
Doppler,Medium Tree,FIBROFOLLICULOMA,BENIGN,1.0,0.0,2,2
Doppler,Medium Tree,FIBROMA,BENIGN,0.0,,1,1
Doppler,Medium Tree,HEMANGIOMA,BENIGN,1.0,,1,1
Doppler,Medium Tree,KA,MALIGNANT,0.0,,1,1
Doppler,Medium Tree,LEIOMYOMA,BENIGN,0.8333333333333333,0.23570226039551592,2,4
Doppler,Medium Tree,LIPOMA,BENIGN,0.7833333333333333,0.2173067468400883,5,26
Doppler,Medium Tree,LYMPHOMA,MALIGNANT,0.25,0.3535533905932738,2,3
Doppler,Medium Tree,MERKEL,MALIGNANT,1.0,,1,1
Doppler,Medium Tree,METASTASIS,MALIGNANT,0.5,0.5,3,4
Doppler,Medium Tree,NEUROFIBROMA,BENIGN,1.0,,1,2
Doppler,Medium Tree,OSTEOMA,BENIGN,1.0,,1,1
Doppler,Medium Tree,PILOMATRICOMA,BENIGN,0.0,,1,1
Doppler,Medium Tree,SCC,MALIGNANT,0.6583333333333333,0.298607881119482,4,11
Doppler,Medium Tree,SCHWANNOMA,BENIGN,1.0,0.0,2,2
Doppler,Medium Tree,SEBK,BENIGN,0.625,0.47871355387816905,4,7
Doppler,Medium Tree,SK,BENIGN,1.0,,1,1
Doppler,Medium Tree,VENOUS MALFORMATION,BENIGN,1.0,0.0,2,2
Doppler,Quadratic Discriminant Analysis,AK,MALIGNANT,1.0,0.0,4,5
Doppler,Quadratic Discriminant Analysis,ANGIOMA,BENIGN,0.75,0.3535533905932738,2,3
Doppler,Quadratic Discriminant Analysis,BCC,MALIGNANT,0.77,0.15563490039905004,5,31
Doppler,Quadratic Discriminant Analysis,CYST,BENIGN,0.7220634920634921,0.18184858824060066,5,40
Doppler,Quadratic Discriminant Analysis,DERMATOFIBROMA,BENIGN,0.67,0.41170377700477806,5,21
Doppler,Quadratic Discriminant Analysis,FAT NECROSIS,BENIGN,1.0,,1,1
Doppler,Quadratic Discriminant Analysis,FIBROFOLLICULOMA,BENIGN,1.0,0.0,2,2
Doppler,Quadratic Discriminant Analysis,FIBROMA,BENIGN,0.0,,1,1
Doppler,Quadratic Discriminant Analysis,HEMANGIOMA,BENIGN,0.0,,1,1
Doppler,Quadratic Discriminant Analysis,KA,MALIGNANT,0.0,,1,1
Doppler,Quadratic Discriminant Analysis,LEIOMYOMA,BENIGN,0.6666666666666666,0.4714045207910317,2,4
Doppler,Quadratic Discriminant Analysis,LIPOMA,BENIGN,0.9333333333333332,0.14907119849998599,5,26
Doppler,Quadratic Discriminant Analysis,LYMPHOMA,MALIGNANT,0.75,0.3535533905932738,2,3
Doppler,Quadratic Discriminant Analysis,MERKEL,MALIGNANT,1.0,,1,1
Doppler,Quadratic Discriminant Analysis,METASTASIS,MALIGNANT,0.16666666666666666,0.2886751345948129,3,4
Doppler,Quadratic Discriminant Analysis,NEUROFIBROMA,BENIGN,0.5,,1,2
Doppler,Quadratic Discriminant Analysis,OSTEOMA,BENIGN,1.0,,1,1
Doppler,Quadratic Discriminant Analysis,PILOMATRICOMA,BENIGN,0.0,,1,1
Doppler,Quadratic Discriminant Analysis,SCC,MALIGNANT,0.6916666666666667,0.21666666666666667,4,11
Doppler,Quadratic Discriminant Analysis,SCHWANNOMA,BENIGN,1.0,0.0,2,2
Doppler,Quadratic Discriminant Analysis,SEBK,BENIGN,0.7083333333333333,0.34359213546813844,4,7
Doppler,Quadratic Discriminant Analysis,SK,BENIGN,1.0,,1,1
Doppler,Quadratic Discriminant Analysis,VENOUS MALFORMATION,BENIGN,1.0,0.0,2,2
Doppler,Quadratic SVM,AK,MALIGNANT,0.25,0.5,4,5
Doppler,Quadratic SVM,ANGIOMA,BENIGN,1.0,0.0,2,3
Doppler,Quadratic SVM,BCC,MALIGNANT,0.21666666666666665,0.13944333775567927,5,31
Doppler,Quadratic SVM,CYST,BENIGN,0.975,0.055901699437494734,5,40
Doppler,Quadratic SVM,DERMATOFIBROMA,BENIGN,0.75,0.4330127018922193,5,21
Doppler,Quadratic SVM,FAT NECROSIS,BENIGN,1.0,,1,1
Doppler,Quadratic SVM,FIBROFOLLICULOMA,BENIGN,1.0,0.0,2,2
Doppler,Quadratic SVM,FIBROMA,BENIGN,1.0,,1,1
Doppler,Quadratic SVM,HEMANGIOMA,BENIGN,1.0,,1,1
Doppler,Quadratic SVM,KA,MALIGNANT,0.0,,1,1
Doppler,Quadratic SVM,LEIOMYOMA,BENIGN,1.0,0.0,2,4
Doppler,Quadratic SVM,LIPOMA,BENIGN,1.0,0.0,5,26
Doppler,Quadratic SVM,LYMPHOMA,MALIGNANT,0.5,0.7071067811865476,2,3
Doppler,Quadratic SVM,MERKEL,MALIGNANT,0.0,,1,1
Doppler,Quadratic SVM,METASTASIS,MALIGNANT,0.0,0.0,3,4
Doppler,Quadratic SVM,NEUROFIBROMA,BENIGN,1.0,,1,2
Doppler,Quadratic SVM,OSTEOMA,BENIGN,1.0,,1,1
Doppler,Quadratic SVM,PILOMATRICOMA,BENIGN,1.0,,1,1
Doppler,Quadratic SVM,SCC,MALIGNANT,0.05,0.1,4,11
Doppler,Quadratic SVM,SCHWANNOMA,BENIGN,1.0,0.0,2,2
Doppler,Quadratic SVM,SEBK,BENIGN,0.7083333333333333,0.34359213546813844,4,7
Doppler,Quadratic SVM,SK,BENIGN,1.0,,1,1
Doppler,Quadratic SVM,VENOUS MALFORMATION,BENIGN,1.0,0.0,2,2
Doppler,RUSBoosted Trees,AK,MALIGNANT,0.5,0.5773502691896257,4,5
Doppler,RUSBoosted Trees,ANGIOMA,BENIGN,0.75,0.3535533905932738,2,3
Doppler,RUSBoosted Trees,BCC,MALIGNANT,0.6316666666666666,0.25929926939949355,5,31
Doppler,RUSBoosted Trees,CYST,BENIGN,0.7478571428571429,0.20271750727330395,5,40
Doppler,RUSBoosted Trees,DERMATOFIBROMA,BENIGN,0.67,0.41170377700477806,5,21
Doppler,RUSBoosted Trees,FAT NECROSIS,BENIGN,1.0,,1,1
Doppler,RUSBoosted Trees,FIBROFOLLICULOMA,BENIGN,1.0,0.0,2,2
Doppler,RUSBoosted Trees,FIBROMA,BENIGN,0.0,,1,1
Doppler,RUSBoosted Trees,HEMANGIOMA,BENIGN,1.0,,1,1
Doppler,RUSBoosted Trees,KA,MALIGNANT,0.0,,1,1
Doppler,RUSBoosted Trees,LEIOMYOMA,BENIGN,0.8333333333333333,0.23570226039551592,2,4
Doppler,RUSBoosted Trees,LIPOMA,BENIGN,0.9,0.22360679774997896,5,26
Doppler,RUSBoosted Trees,LYMPHOMA,MALIGNANT,0.0,0.0,2,3
Doppler,RUSBoosted Trees,MERKEL,MALIGNANT,1.0,,1,1
Doppler,RUSBoosted Trees,METASTASIS,MALIGNANT,0.16666666666666666,0.2886751345948129,3,4
Doppler,RUSBoosted Trees,NEUROFIBROMA,BENIGN,0.5,,1,2
Doppler,RUSBoosted Trees,OSTEOMA,BENIGN,1.0,,1,1
Doppler,RUSBoosted Trees,PILOMATRICOMA,BENIGN,0.0,,1,1
Doppler,RUSBoosted Trees,SCC,MALIGNANT,0.6916666666666667,0.21666666666666667,4,11
Doppler,RUSBoosted Trees,SCHWANNOMA,BENIGN,1.0,0.0,2,2
Doppler,RUSBoosted Trees,SEBK,BENIGN,0.7083333333333333,0.34359213546813844,4,7
Doppler,RUSBoosted Trees,SK,BENIGN,1.0,,1,1
Doppler,RUSBoosted Trees,VENOUS MALFORMATION,BENIGN,0.5,0.7071067811865476,2,2
Doppler,Simple Tree,AK,MALIGNANT,0.625,0.4787135538781691,4,5
Doppler,Simple Tree,ANGIOMA,BENIGN,0.75,0.3535533905932738,2,3
Doppler,Simple Tree,BCC,MALIGNANT,0.6783333333333333,0.1490246064693121,5,31
Doppler,Simple Tree,CYST,BENIGN,0.6889682539682539,0.1949427531269747,5,40
Doppler,Simple Tree,DERMATOFIBROMA,BENIGN,0.62,0.37516662964608144,5,21
Doppler,Simple Tree,FAT NECROSIS,BENIGN,1.0,,1,1
Doppler,Simple Tree,FIBROFOLLICULOMA,BENIGN,0.5,0.7071067811865476,2,2
Doppler,Simple Tree,FIBROMA,BENIGN,0.0,,1,1
Doppler,Simple Tree,HEMANGIOMA,BENIGN,1.0,,1,1
Doppler,Simple Tree,KA,MALIGNANT,0.0,,1,1
Doppler,Simple Tree,LEIOMYOMA,BENIGN,0.8333333333333333,0.23570226039551592,2,4
Doppler,Simple Tree,LIPOMA,BENIGN,0.8833333333333332,0.16244657241348273,5,26
Doppler,Simple Tree,LYMPHOMA,MALIGNANT,0.0,0.0,2,3
Doppler,Simple Tree,MERKEL,MALIGNANT,1.0,,1,1
Doppler,Simple Tree,METASTASIS,MALIGNANT,0.16666666666666666,0.2886751345948129,3,4
Doppler,Simple Tree,NEUROFIBROMA,BENIGN,0.5,,1,2
Doppler,Simple Tree,OSTEOMA,BENIGN,1.0,,1,1
Doppler,Simple Tree,PILOMATRICOMA,BENIGN,0.0,,1,1
Doppler,Simple Tree,SCC,MALIGNANT,0.7416666666666667,0.21147629234082532,4,11
Doppler,Simple Tree,SCHWANNOMA,BENIGN,1.0,0.0,2,2
Doppler,Simple Tree,SEBK,BENIGN,0.625,0.47871355387816905,4,7
Doppler,Simple Tree,SK,BENIGN,1.0,,1,1
Doppler,Simple Tree,VENOUS MALFORMATION,BENIGN,1.0,0.0,2,2
Doppler,Subspace Discriminant,AK,MALIGNANT,0.75,0.5,4,5
Doppler,Subspace Discriminant,ANGIOMA,BENIGN,0.75,0.3535533905932738,2,3
Doppler,Subspace Discriminant,BCC,MALIGNANT,0.7050000000000001,0.19289461717044706,5,31
Doppler,Subspace Discriminant,CYST,BENIGN,0.8883333333333333,0.13637163276217756,5,40
Doppler,Subspace Discriminant,DERMATOFIBROMA,BENIGN,0.71,0.4129164564412516,5,21
Doppler,Subspace Discriminant,FAT NECROSIS,BENIGN,1.0,,1,1
Doppler,Subspace Discriminant,FIBROFOLLICULOMA,BENIGN,1.0,0.0,2,2
Doppler,Subspace Discriminant,FIBROMA,BENIGN,0.0,,1,1
Doppler,Subspace Discriminant,HEMANGIOMA,BENIGN,1.0,,1,1
Doppler,Subspace Discriminant,KA,MALIGNANT,0.0,,1,1
Doppler,Subspace Discriminant,LEIOMYOMA,BENIGN,1.0,0.0,2,4
Doppler,Subspace Discriminant,LIPOMA,BENIGN,0.9666666666666666,0.07453559924999298,5,26
Doppler,Subspace Discriminant,LYMPHOMA,MALIGNANT,0.75,0.3535533905932738,2,3
Doppler,Subspace Discriminant,MERKEL,MALIGNANT,1.0,,1,1
Doppler,Subspace Discriminant,METASTASIS,MALIGNANT,0.16666666666666666,0.2886751345948129,3,4
Doppler,Subspace Discriminant,NEUROFIBROMA,BENIGN,0.5,,1,2
Doppler,Subspace Discriminant,OSTEOMA,BENIGN,1.0,,1,1
Doppler,Subspace Discriminant,PILOMATRICOMA,BENIGN,0.0,,1,1
Doppler,Subspace Discriminant,SCC,MALIGNANT,0.6083333333333333,0.28333333333333327,4,11
Doppler,Subspace Discriminant,SCHWANNOMA,BENIGN,1.0,0.0,2,2
Doppler,Subspace Discriminant,SEBK,BENIGN,0.7083333333333333,0.34359213546813844,4,7
Doppler,Subspace Discriminant,SK,BENIGN,1.0,,1,1
Doppler,Subspace Discriminant,VENOUS MALFORMATION,BENIGN,1.0,0.0,2,2
Doppler,Subspace KNN,AK,MALIGNANT,0.5,0.5773502691896257,4,5
Doppler,Subspace KNN,ANGIOMA,BENIGN,1.0,0.0,2,3
Doppler,Subspace KNN,BCC,MALIGNANT,0.7050000000000001,0.19289461717044706,5,31
Doppler,Subspace KNN,CYST,BENIGN,0.8026190476190476,0.17720988875116933,5,40
Doppler,Subspace KNN,DERMATOFIBROMA,BENIGN,0.62,0.37516662964608144,5,21
Doppler,Subspace KNN,FAT NECROSIS,BENIGN,1.0,,1,1
Doppler,Subspace KNN,FIBROFOLLICULOMA,BENIGN,1.0,0.0,2,2
Doppler,Subspace KNN,FIBROMA,BENIGN,0.0,,1,1
Doppler,Subspace KNN,HEMANGIOMA,BENIGN,0.0,,1,1
Doppler,Subspace KNN,KA,MALIGNANT,0.0,,1,1
Doppler,Subspace KNN,LEIOMYOMA,BENIGN,0.8333333333333333,0.23570226039551592,2,4
Doppler,Subspace KNN,LIPOMA,BENIGN,0.9333333333333332,0.14907119849998599,5,26
Doppler,Subspace KNN,LYMPHOMA,MALIGNANT,0.5,0.7071067811865476,2,3
Doppler,Subspace KNN,MERKEL,MALIGNANT,1.0,,1,1
Doppler,Subspace KNN,METASTASIS,MALIGNANT,0.16666666666666666,0.2886751345948129,3,4
Doppler,Subspace KNN,NEUROFIBROMA,BENIGN,0.5,,1,2
Doppler,Subspace KNN,OSTEOMA,BENIGN,1.0,,1,1
Doppler,Subspace KNN,PILOMATRICOMA,BENIGN,0.0,,1,1
Doppler,Subspace KNN,SCC,MALIGNANT,0.5166666666666666,0.42295258468165065,4,11
Doppler,Subspace KNN,SCHWANNOMA,BENIGN,1.0,0.0,2,2
Doppler,Subspace KNN,SEBK,BENIGN,0.625,0.47871355387816905,4,7
Doppler,Subspace KNN,SK,BENIGN,1.0,,1,1
Doppler,Subspace KNN,VENOUS MALFORMATION,BENIGN,0.5,0.7071067811865476,2,2
Doppler,Weighted KNN,AK,MALIGNANT,0.5,0.5773502691896257,4,5
Doppler,Weighted KNN,ANGIOMA,BENIGN,1.0,0.0,2,3
Doppler,Weighted KNN,BCC,MALIGNANT,0.7050000000000001,0.19289461717044706,5,31
Doppler,Weighted KNN,CYST,BENIGN,0.8276190476190475,0.1976161789809006,5,40
Doppler,Weighted KNN,DERMATOFIBROMA,BENIGN,0.62,0.37516662964608144,5,21
Doppler,Weighted KNN,FAT NECROSIS,BENIGN,1.0,,1,1
Doppler,Weighted KNN,FIBROFOLLICULOMA,BENIGN,1.0,0.0,2,2
Doppler,Weighted KNN,FIBROMA,BENIGN,0.0,,1,1
Doppler,Weighted KNN,HEMANGIOMA,BENIGN,0.0,,1,1
Doppler,Weighted KNN,KA,MALIGNANT,0.0,,1,1
Doppler,Weighted KNN,LEIOMYOMA,BENIGN,0.8333333333333333,0.23570226039551592,2,4
Doppler,Weighted KNN,LIPOMA,BENIGN,0.9666666666666666,0.07453559924999298,5,26
Doppler,Weighted KNN,LYMPHOMA,MALIGNANT,0.5,0.7071067811865476,2,3
Doppler,Weighted KNN,MERKEL,MALIGNANT,1.0,,1,1
Doppler,Weighted KNN,METASTASIS,MALIGNANT,0.16666666666666666,0.2886751345948129,3,4
Doppler,Weighted KNN,NEUROFIBROMA,BENIGN,0.5,,1,2
Doppler,Weighted KNN,OSTEOMA,BENIGN,1.0,,1,1
Doppler,Weighted KNN,PILOMATRICOMA,BENIGN,0.0,,1,1
Doppler,Weighted KNN,SCC,MALIGNANT,0.6416666666666666,0.26299556396765833,4,11
Doppler,Weighted KNN,SCHWANNOMA,BENIGN,1.0,0.0,2,2
Doppler,Weighted KNN,SEBK,BENIGN,0.625,0.47871355387816905,4,7
Doppler,Weighted KNN,SK,BENIGN,1.0,,1,1
Doppler,Weighted KNN,VENOUS MALFORMATION,BENIGN,0.5,0.7071067811865476,2,2
