dataset,model,auc_mean,auc_std,accuracy_mean,accuracy_std,sensitivity_mean,sensitivity_std,specificity_mean,specificity_std,precision_mean,precision_std,f1_mean,f1_std,error
BW,Simple Tree,0.6897891963109355,0.11000891489387914,0.7184873949579833,0.0857801691104191,0.6409090909090909,0.13205308223939957,0.7565217391304347,0.08952721861727825,0.5698426573426574,0.13972469402996146,0.5989459815546773,0.12218749600370447,
BW,Medium Tree,0.6903820816864294,0.06462312929733798,0.7131092436974791,0.05205907786781422,0.6242424242424243,0.12211782836127204,0.7565217391304347,0.058976782461958865,0.5568589743589742,0.08239301831742553,0.584575569358178,0.08495906577119479,
BW,Complex Tree,0.6903820816864294,0.06462312929733798,0.7131092436974791,0.05205907786781422,0.6242424242424243,0.12211782836127204,0.7565217391304347,0.058976782461958865,0.5568589743589742,0.08239301831742553,0.584575569358178,0.08495906577119479,
BW,Linear Discriminant Analysis,0.575098814229249,0.11053068343169616,0.6023529411764705,0.08824313690634905,0.46060606060606063,0.17917267271629675,0.6695652173913043,0.085199643227241,0.39975135975135967,0.143194901419099,0.4249331827592696,0.15325622342841363,
BW,Quadratic Discriminant Analysis,,,,,,,,,,,,,"The covariance matrix of class 0 is not full rank. When using `solver='svd'` the number of samples in each class should be more than the number of features, but class 0 has 92 samples and 465 features. Try using `solver='eigen'` and setting the parameter `shrinkage` for regularization."
BW,Logistic Regression,0.7438076416337286,0.05687229860608028,0.7603361344537815,0.06231057021494234,0.5348484848484849,0.09186367509832798,0.8695652173913043,0.06148754619013456,0.6775901875901875,0.1371430697060363,0.5947215865751334,0.09982226698597563,
BW,Linear SVM,0.730566534914361,0.08796674334120758,0.7307563025210084,0.04439202394718915,0.3196969696969697,0.17331108142822796,0.9304347826086957,0.0347826086956522,0.5845238095238096,0.29981097597518463,0.4074853801169591,0.21169345092433933,
BW,Quadratic SVM,0.7016469038208168,0.03555140116612566,0.7487394957983193,0.03826990768650652,0.32121212121212117,0.14671173862921458,0.9565217391304348,0.038888138739126804,0.8333333333333333,0.13944333775567927,0.4352046783625731,0.15596762025202687,
BW,Cubic SVM,0.7668642951251646,0.0200510388006424,0.7312605042016807,0.03661166224830355,0.25,0.08860722131644512,0.9652173913043478,0.032536151189338634,0.82,0.15684387141358122,0.37058823529411766,0.11841578913187514,
BW,Fine Gaussian SVM,0.4913043478260869,0.048466944050495904,0.6608403361344538,0.022857142857142864,0.0,0.0,0.9826086956521738,0.034782608695652195,0.0,0.0,0.0,0.0,
BW,Medium Gaussian SVM,0.7984848484848486,0.0620735156830569,0.7778151260504201,0.07090485214741474,0.4833333333333333,0.12644027906075797,0.9217391304347826,0.06389973242043073,0.758095238095238,0.18198701705456144,0.5848739495798319,0.14052408559802596,
BW,Coarse Gaussian SVM,0.7594202898550725,0.08416322435911308,0.7662184873949579,0.05184921618347257,0.3939393939393939,0.17978662999019787,0.9478260869565217,0.0425998216136205,0.7666666666666667,0.16465452046971293,0.500867269984917,0.18540335554130974,
BW,Fine KNN,0.6922266139657444,0.063786896046623,0.7314285714285714,0.04737767132150839,0.5757575757575757,0.13415723406774946,0.8086956521739129,0.04433930011819813,0.5906493506493506,0.07025193801650637,0.5776969696969696,0.09783132351359866,
BW,Medium KNN,0.7281949934123848,0.05749837269599646,0.760672268907563,0.047641648945172914,0.5363636363636364,0.06030226891555272,0.8695652173913043,0.054996133220319605,0.6775036075036075,0.08956263003351889,0.596060440957466,0.06298575738584235,
BW,Coarse KNN,0.7402173913043478,0.07958834431575094,0.6726050420168068,0.0077310924369748055,0.0,0.0,1.0,0.0,0.0,0.0,0.0,0.0,
BW,Cosine KNN,0.7617588932806324,0.056485449529326125,0.7369747899159664,0.040528253955588185,0.5712121212121212,0.06769184213238993,0.8173913043478261,0.04259982161362046,0.6066666666666667,0.07039570693980955,0.5869772256728779,0.062094559373615306,
BW,Weighted KNN,0.7500329380764164,0.057273660775819975,0.7608403361344538,0.05625006963565429,0.5196969696969698,0.07719841941125452,0.8782608695652174,0.050703929520393876,0.6817460317460318,0.09818201329645787,0.5883359914938863,0.08179158621778619,
BW,Boosted Trees,0.7242424242424242,0.07011599743534118,0.7485714285714286,0.0574052305730064,0.5363636363636364,0.1012320793241822,0.8521739130434783,0.044339300118198095,0.6383838383838383,0.10830242548428454,0.5815584415584415,0.10043722934393594,
BW,Bagged Trees,0.7518115942028986,0.07692870910458714,0.7312605042016807,0.05541225152267526,0.4833333333333333,0.12644027906075797,0.8521739130434783,0.034782608695652154,0.6074314574314574,0.1089529159226769,0.5354932786511734,0.11657947312255329,
BW,Subspace Discriminant,0.6006587615283268,0.13703531914347217,0.6136134453781513,0.07471037220299076,0.4409090909090909,0.18385225832869712,0.6956521739130433,0.07777627747825357,0.405449452508276,0.10927585309954263,0.4172288401253918,0.13767845440240514,
BW,Subspace KNN,0.7285902503293807,0.06187731290640591,0.7547899159663866,0.05202596951649302,0.4833333333333333,0.0779088492859542,0.8869565217391304,0.05217391304347825,0.6873015873015873,0.11397665441915074,0.5639962651727358,0.07869074980562177,
BW,RUSBoosted Trees,0.7242424242424242,0.07011599743534118,0.7485714285714286,0.0574052305730064,0.5363636363636364,0.1012320793241822,0.8521739130434783,0.044339300118198095,0.6383838383838383,0.10830242548428454,0.5815584415584415,0.10043722934393594,
Doppler,Simple Tree,0.5910737812911726,0.12115652545825627,0.6554621848739497,0.08745150077813581,0.5196969696969698,0.1606060606060606,0.7217391304347827,0.06507230237867723,0.4734465534465534,0.12491789717030967,0.49349783549783555,0.1364463169944051,
Doppler,Medium Tree,0.5811923583662714,0.09632965560664217,0.6082352941176471,0.06815410991981291,0.5015151515151515,0.1810843777979232,0.6608695652173914,0.0325361511893386,0.4073018648018648,0.09257696811607602,0.4468531468531468,0.12702433559945325,
Doppler,Complex Tree,0.5811923583662714,0.09632965560664217,0.6082352941176471,0.06815410991981291,0.5015151515151515,0.1810843777979232,0.6608695652173914,0.0325361511893386,0.4073018648018648,0.09257696811607602,0.4468531468531468,0.12702433559945325,
Doppler,Linear Discriminant Analysis,0.713175230566535,0.07066715185620501,0.7247058823529411,0.09682860396965765,0.6954545454545455,0.0949118773537323,0.7391304347826086,0.10649955403405123,0.578916083916084,0.1289351771856242,0.6288049728049728,0.11024332699926198,
Doppler,Quadratic Discriminant Analysis,,,,,,,,,,,,,"The covariance matrix of class 0 is not full rank. When using `solver='svd'` the number of samples in each class should be more than the number of features, but class 0 has 92 samples and 465 features. Try using `solver='eigen'` and setting the parameter `shrinkage` for regularization."
Doppler,Logistic Regression,0.7725296442687746,0.030465566280700622,0.7198319327731092,0.07977547760559923,0.556060606060606,0.15178763377415994,0.8,0.09760845356801588,0.6009090909090908,0.15440754393328004,0.5633549740966621,0.110438078550526,
Doppler,Linear SVM,0.7349143610013176,0.06681491845613012,0.7252100840336135,0.03460716013777139,0.3212121212121212,0.16773760609815813,0.9217391304347826,0.057680431136615654,0.693939393939394,0.16497766774322667,0.4123520923520923,0.13321826834772285,
Doppler,Quadratic SVM,0.7227931488801055,0.0356910162759816,0.6726050420168067,0.020144243632232113,0.05454545454545454,0.07272727272727272,0.9739130434782608,0.02129991080681023,0.2333333333333333,0.29059326290271154,0.0879120879120879,0.11546308164012041,
Doppler,Cubic SVM,0.7346508563899868,0.0676422034381478,0.6724369747899159,0.022800225723847555,0.1424242424242424,0.09171361182073669,0.9304347826086955,0.0347826086956522,0.4333333333333333,0.23475755815545343,0.20910256410256406,0.125924849488122,
Doppler,Fine Gaussian SVM,0.4913043478260869,0.048466944050495904,0.6608403361344538,0.022857142857142864,0.0,0.0,0.9826086956521738,0.034782608695652195,0.0,0.0,0.0,0.0,
Doppler,Medium Gaussian SVM,0.8250329380764164,0.04869063277976746,0.7838655462184874,0.059452578899260144,0.5196969696969698,0.1260037750684351,0.9130434782608695,0.047628048478710105,0.7453968253968254,0.11080047279674787,0.6069998525726079,0.11592458671053571,
Doppler,Coarse Gaussian SVM,0.7918313570487484,0.08698446470825313,0.7315966386554622,0.058952080422774646,0.3954545454545455,0.09917011013305194,0.8956521739130434,0.04433930011819813,0.6528571428571428,0.13549606515862148,0.4894736842105264,0.10664460631630285,
Doppler,Fine KNN,0.7322134387351779,0.05718945547143692,0.7489075630252101,0.04512659812195983,0.6818181818181819,0.10756508696544757,0.7826086956521741,0.038888138739126804,0.6034498834498834,0.055841864707208595,0.637736900780379,0.07225172646808477,
Doppler,Medium KNN,0.7865942028985508,0.0670297866989115,0.7077310924369747,0.024432836333075723,0.6272727272727273,0.092709445701687,0.7478260869565216,0.017391304347826122,0.5453546453546453,0.026322112376222895,0.5813623188405798,0.05289704980995571,
Doppler,Coarse KNN,0.8148550724637682,0.08250527259329334,0.6726050420168068,0.0077310924369748055,0.0,0.0,1.0,0.0,0.0,0.0,0.0,0.0,
Doppler,Cosine KNN,0.7879446640316206,0.05769126415974366,0.7425210084033613,0.06057325657805487,0.6257575757575757,0.08403287650825485,0.7999999999999999,0.06507230237867723,0.6099300699300699,0.09807018537618506,0.6151515151515151,0.08221006040151842,
Doppler,Weighted KNN,0.8057971014492754,0.06277053737388277,0.7194957983193276,0.04241625253273771,0.5727272727272728,0.09791208740244554,0.791304347826087,0.042599821613620484,0.5724675324675325,0.06778872459579224,0.5700101637492943,0.07207809869209782,
Doppler,Boosted Trees,0.6973649538866931,0.10923338859070181,0.6726050420168066,0.07708516544345946,0.5378787878787878,0.12177897756006135,0.7391304347826086,0.08695652173913042,0.5090043290043289,0.11240996430459851,0.5182284382284382,0.10350095540520593,
Doppler,Bagged Trees,0.7344532279314888,0.10294408882037291,0.7194957983193278,0.046315863806763356,0.5378787878787878,0.13466961238356953,0.808695652173913,0.02129991080681023,0.5703496503496504,0.06831708977167018,0.5501298701298701,0.09947535769653346,
Doppler,Subspace Discriminant,0.7768774703557313,0.06389361989471626,0.7487394957983194,0.05337292271664003,0.6803030303030304,0.11622308430766733,0.782608695652174,0.06148754619013457,0.6068589743589744,0.0744792352001726,0.6374741200828158,0.08017569940885338,
Doppler,Subspace KNN,0.7956192358366272,0.08275799034431335,0.7485714285714286,0.02955021435489609,0.590909090909091,0.11499191491521381,0.826086956521739,0.027498066610159803,0.6208547008547008,0.04225231634526427,0.6010351966873706,0.07102264106473699,
Doppler,RUSBoosted Trees,0.6973649538866931,0.10923338859070181,0.6726050420168066,0.07708516544345946,0.5378787878787878,0.12177897756006135,0.7391304347826086,0.08695652173913042,0.5090043290043289,0.11240996430459851,0.5182284382284382,0.10350095540520593,
BW+Doppler,Simple Tree,0.6290513833992094,0.09695806053799035,0.6842016806722689,0.05052202596581154,0.48484848484848486,0.2000918062935658,0.7826086956521738,0.06148754619013457,0.5057875457875458,0.11264397967400665,0.482684274789538,0.14646098718646913,
BW+Doppler,Medium Tree,0.6072793148880107,0.08675464148852856,0.6435294117647059,0.055005504600286886,0.5015151515151516,0.18999299199293618,0.7130434782608696,0.04433930011819813,0.4424242424242424,0.10481957912986652,0.4650480241006557,0.14062059529387252,
BW+Doppler,Complex Tree,0.6072793148880107,0.08675464148852856,0.6435294117647059,0.055005504600286886,0.5015151515151516,0.18999299199293618,0.7130434782608696,0.04433930011819813,0.4424242424242424,0.10481957912986652,0.4650480241006557,0.14062059529387252,
BW+Doppler,Linear Discriminant Analysis,0.6698945981554678,0.04774289813878851,0.6845378151260505,0.04416875790872428,0.5378787878787878,0.15731330124142318,0.7565217391304349,0.0806401608303974,0.5197979797979798,0.06810687988031705,0.5196658813450418,0.0861274035153125,
BW+Doppler,Quadratic Discriminant Analysis,,,,,,,,,,,,,"The covariance matrix of class 0 is not full rank. When using `solver='svd'` the number of samples in each class should be more than the number of features, but class 0 has 92 samples and 930 features. Try using `solver='eigen'` and setting the parameter `shrinkage` for regularization."
BW+Doppler,Logistic Regression,0.7276679841897233,0.05120675016822662,0.7141176470588235,0.06650961894165913,0.6106060606060606,0.1313558594042015,0.7652173913043478,0.09365504012407831,0.5741807212395448,0.11213378669482792,0.58215994531784,0.08538598221480904,
BW+Doppler,Linear SVM,0.7026021080368906,0.06963801113142186,0.7016806722689075,0.013018431415823246,0.3757575757575758,0.15757575757575756,0.8608695652173912,0.06956521739130433,0.5721367521367522,0.0571400602510997,0.4338888888888889,0.10793230617405239,
BW+Doppler,Quadratic SVM,0.745125164690382,0.045428951569377984,0.7721008403361344,0.032845857633419774,0.4303030303030303,0.13740344301520768,0.9391304347826088,0.021299910806810284,0.7755555555555556,0.022388268532899894,0.5404334365325077,0.10954794141795109,
BW+Doppler,Cubic SVM,0.7376811594202898,0.0826207773166595,0.7193277310924371,0.02951961020210131,0.30454545454545456,0.09491187735373227,0.9217391304347826,0.017391304347826122,0.6461904761904762,0.08869934439523848,0.40856209150326805,0.09781764723132669,
BW+Doppler,Fine Gaussian SVM,0.4913043478260869,0.048466944050495904,0.6608403361344538,0.022857142857142864,0.0,0.0,0.9826086956521738,0.034782608695652195,0.0,0.0,0.0,0.0,
BW+Doppler,Medium Gaussian SVM,0.814822134387352,0.05530631616598614,0.7779831932773109,0.07729521214103734,0.4833333333333333,0.17091016548125543,0.9217391304347826,0.03253615118933865,0.7228571428571429,0.17397806570639524,0.5763157894736842,0.18087200292041666,
BW+Doppler,Coarse Gaussian SVM,0.7229907773386033,0.10951501770537266,0.7136134453781512,0.03255215324063296,0.12575757575757576,0.09335104121666281,1.0,0.0,0.8,0.4,0.21135531135531135,0.14590346414071328,
BW+Doppler,Fine KNN,0.6780632411067193,0.06385693245323865,0.7078991596638655,0.06540082992195598,0.5909090909090909,0.08131156281817419,0.7652173913043478,0.07580693814853345,0.56007326007326,0.09390729836765913,0.5717971014492754,0.07726590285340172,
BW+Doppler,Medium KNN,0.776185770750988,0.07745800296773589,0.7489075630252101,0.06412904510075693,0.556060606060606,0.16231226352535855,0.8434782608695652,0.034782608695652154,0.625128205128205,0.09893818626589643,0.5837343358395989,0.12597176368415142,
BW+Doppler,Coarse KNN,0.7659420289855073,0.07430631474000662,0.6726050420168068,0.0077310924369748055,0.0,0.0,1.0,0.0,0.0,0.0,0.0,0.0,
BW+Doppler,Cosine KNN,0.7489459815546772,0.07661608983854228,0.7368067226890757,0.058901269158731055,0.553030303030303,0.12945460220178076,0.826086956521739,0.027498066610159803,0.6,0.09488499851165559,0.5744664031620553,0.1134340801402656,
BW+Doppler,Weighted KNN,0.7866271409749671,0.07131816928016492,0.760672268907563,0.07097811496637883,0.5212121212121212,0.1995403349473252,0.8782608695652174,0.017391304347826077,0.6531746031746032,0.10509806576029745,0.5713205007403419,0.1626613600628137,
BW+Doppler,Boosted Trees,0.7040184453227931,0.05331639943218819,0.6843697478991597,0.08531559939776687,0.5,0.12196734422726124,0.7739130434782607,0.09683068457095693,0.5405194805194805,0.17967080709052308,0.5115670995670996,0.12545379377700772,
BW+Doppler,Bagged Trees,0.7383728590250329,0.09580234168097529,0.7603361344537815,0.062310570214942344,0.5363636363636364,0.15320272314866107,0.8695652173913043,0.027498066610159803,0.6545021645021645,0.11634269807497014,0.5860560492139439,0.13608474587027275,
BW+Doppler,Subspace Discriminant,0.7258893280632412,0.05135146468877323,0.678655462184874,0.038628415821288474,0.556060606060606,0.09907747105619283,0.7391304347826088,0.07275304578557178,0.5141176470588235,0.052916431315207416,0.5289666854884246,0.0505979266666348,
BW+Doppler,Subspace KNN,0.7843214756258234,0.07750978176320415,0.7663865546218488,0.054108773216824335,0.5196969696969697,0.1260037750684351,0.8869565217391304,0.02129991080681023,0.6826190476190476,0.08277226084584668,0.5875856307435254,0.11012477458624119,
BW+Doppler,RUSBoosted Trees,0.7040184453227931,0.05331639943218819,0.6843697478991597,0.08531559939776687,0.5,0.12196734422726124,0.7739130434782607,0.09683068457095693,0.5405194805194805,0.17967080709052308,0.5115670995670996,0.12545379377700772,
