dataset,model,auc,accuracy,sensitivity,specificity,precision,f1,tn,fp,fn,tp,fold
BW,Simple Tree,0.8007246376811594,0.8571428571428571,0.75,0.9130434782608695,0.8181818181818182,0.782608695652174,21,2,3,9,0
BW,Simple Tree,0.5158102766798419,0.5882352941176471,0.45454545454545453,0.6521739130434783,0.38461538461538464,0.4166666666666667,15,8,6,5,1
BW,Simple Tree,0.6758893280632412,0.7352941176470589,0.8181818181818182,0.6956521739130435,0.5625,0.6666666666666666,16,7,2,9,2
BW,Simple Tree,0.8142292490118578,0.7058823529411765,0.5454545454545454,0.782608695652174,0.5454545454545454,0.5454545454545454,18,5,5,6,3
BW,Simple Tree,0.642292490118577,0.7058823529411765,0.6363636363636364,0.7391304347826086,0.5384615384615384,0.5833333333333334,17,6,4,7,4
BW,Medium Tree,0.7463768115942029,0.7714285714285715,0.6666666666666666,0.8260869565217391,0.6666666666666666,0.6666666666666666,19,4,4,8,0
BW,Medium Tree,0.575098814229249,0.6176470588235294,0.45454545454545453,0.6956521739130435,0.4166666666666667,0.43478260869565216,16,7,6,5,1
BW,Medium Tree,0.7569169960474309,0.7352941176470589,0.8181818181818182,0.6956521739130435,0.5625,0.6666666666666666,16,7,2,9,2
BW,Medium Tree,0.6857707509881422,0.7352941176470589,0.5454545454545454,0.8260869565217391,0.6,0.5714285714285714,19,4,5,6,3
BW,Medium Tree,0.6877470355731224,0.7058823529411765,0.6363636363636364,0.7391304347826086,0.5384615384615384,0.5833333333333334,17,6,4,7,4
BW,Complex Tree,0.7463768115942029,0.7714285714285715,0.6666666666666666,0.8260869565217391,0.6666666666666666,0.6666666666666666,19,4,4,8,0
BW,Complex Tree,0.575098814229249,0.6176470588235294,0.45454545454545453,0.6956521739130435,0.4166666666666667,0.43478260869565216,16,7,6,5,1
BW,Complex Tree,0.7569169960474309,0.7352941176470589,0.8181818181818182,0.6956521739130435,0.5625,0.6666666666666666,16,7,2,9,2
BW,Complex Tree,0.6857707509881422,0.7352941176470589,0.5454545454545454,0.8260869565217391,0.6,0.5714285714285714,19,4,5,6,3
BW,Complex Tree,0.6877470355731224,0.7058823529411765,0.6363636363636364,0.7391304347826086,0.5384615384615384,0.5833333333333334,17,6,4,7,4
BW,Linear Discriminant Analysis,0.6739130434782609,0.6,0.6666666666666666,0.5652173913043478,0.4444444444444444,0.5333333333333333,13,10,4,8,0
BW,Linear Discriminant Analysis,0.6007905138339921,0.5882352941176471,0.45454545454545453,0.6521739130434783,0.38461538461538464,0.4166666666666667,15,8,6,5,1
BW,Linear Discriminant Analysis,0.3913043478260869,0.5,0.18181818181818182,0.6521739130434783,0.2,0.19047619047619047,15,8,9,2,2
BW,Linear Discriminant Analysis,0.691699604743083,0.7647058823529411,0.6363636363636364,0.8260869565217391,0.6363636363636364,0.6363636363636364,19,4,4,7,3
BW,Linear Discriminant Analysis,0.5177865612648221,0.5588235294117647,0.36363636363636365,0.6521739130434783,0.3333333333333333,0.34782608695652173,15,8,7,4,4
BW,Logistic Regression,0.8297101449275364,0.7428571428571429,0.5833333333333334,0.8260869565217391,0.6363636363636364,0.6086956521739131,19,4,5,7,0
BW,Logistic Regression,0.7628458498023716,0.7941176470588235,0.6363636363636364,0.8695652173913043,0.7,0.6666666666666666,20,3,4,7,1
BW,Logistic Regression,0.6679841897233201,0.6470588235294118,0.36363636363636365,0.782608695652174,0.4444444444444444,0.4,18,5,7,4,2
BW,Logistic Regression,0.7628458498023715,0.7941176470588235,0.5454545454545454,0.9130434782608695,0.75,0.631578947368421,21,2,5,6,3
BW,Logistic Regression,0.6956521739130435,0.8235294117647058,0.5454545454545454,0.9565217391304348,0.8571428571428571,0.6666666666666666,22,1,5,6,4
BW,Linear SVM,0.8405797101449276,0.7714285714285715,0.4166666666666667,0.9565217391304348,0.8333333333333334,0.5555555555555556,22,1,7,5,0
BW,Linear SVM,0.7826086956521738,0.7352941176470589,0.45454545454545453,0.8695652173913043,0.625,0.5263157894736842,20,3,6,5,1
BW,Linear SVM,0.5889328063241106,0.6470588235294118,0.0,0.9565217391304348,0.0,0.0,22,1,11,0,2
BW,Linear SVM,0.7628458498023716,0.7647058823529411,0.45454545454545453,0.9130434782608695,0.7142857142857143,0.5555555555555556,21,2,6,5,3
BW,Linear SVM,0.6778656126482214,0.7352941176470589,0.2727272727272727,0.9565217391304348,0.75,0.4,22,1,8,3,4
BW,Quadratic SVM,0.713768115942029,0.7142857142857143,0.3333333333333333,0.9130434782608695,0.6666666666666666,0.4444444444444444,21,2,8,4,0
BW,Quadratic SVM,0.7312252964426877,0.7352941176470589,0.2727272727272727,0.9565217391304348,0.75,0.4,22,1,8,3,1
BW,Quadratic SVM,0.6324110671936759,0.7058823529411765,0.09090909090909091,1.0,1.0,0.16666666666666666,23,0,10,1,2
BW,Quadratic SVM,0.7075098814229248,0.7941176470588235,0.5454545454545454,0.9130434782608695,0.75,0.631578947368421,21,2,5,6,3
BW,Quadratic SVM,0.7233201581027668,0.7941176470588235,0.36363636363636365,1.0,1.0,0.5333333333333333,23,0,7,4,4
BW,Cubic SVM,0.7355072463768115,0.6857142857142857,0.25,0.9130434782608695,0.6,0.35294117647058826,21,2,9,3,0
BW,Cubic SVM,0.7549407114624507,0.7352941176470589,0.2727272727272727,0.9565217391304348,0.75,0.4,22,1,8,3,1
BW,Cubic SVM,0.7747035573122529,0.7058823529411765,0.09090909090909091,1.0,1.0,0.16666666666666666,23,0,10,1,2
BW,Cubic SVM,0.7747035573122529,0.7352941176470589,0.2727272727272727,0.9565217391304348,0.75,0.4,22,1,8,3,3
BW,Cubic SVM,0.7944664031620552,0.7941176470588235,0.36363636363636365,1.0,1.0,0.5333333333333333,23,0,7,4,4
BW,Fine Gaussian SVM,0.5217391304347826,0.6571428571428571,0.0,1.0,0.0,0.0,23,0,12,0,0
BW,Fine Gaussian SVM,0.45454545454545453,0.6764705882352942,0.0,1.0,0.0,0.0,23,0,11,0,1
BW,Fine Gaussian SVM,0.5217391304347826,0.6764705882352942,0.0,1.0,0.0,0.0,23,0,11,0,2
BW,Fine Gaussian SVM,0.5434782608695652,0.6764705882352942,0.0,1.0,0.0,0.0,23,0,11,0,3
BW,Fine Gaussian SVM,0.4150197628458498,0.6176470588235294,0.0,0.9130434782608695,0.0,0.0,21,2,11,0,4
BW,Medium Gaussian SVM,0.7789855072463768,0.7714285714285715,0.4166666666666667,0.9565217391304348,0.8333333333333334,0.5555555555555556,22,1,7,5,0
BW,Medium Gaussian SVM,0.7351778656126482,0.7352941176470589,0.5454545454545454,0.8260869565217391,0.6,0.5714285714285714,19,4,5,6,1
BW,Medium Gaussian SVM,0.7509881422924901,0.6764705882352942,0.2727272727272727,0.8695652173913043,0.5,0.35294117647058826,20,3,8,3,2
BW,Medium Gaussian SVM,0.8181818181818182,0.8235294117647058,0.5454545454545454,0.9565217391304348,0.8571428571428571,0.6666666666666666,22,1,5,6,3
BW,Medium Gaussian SVM,0.9090909090909092,0.8823529411764706,0.6363636363636364,1.0,1.0,0.7777777777777778,23,0,4,7,4
BW,Coarse Gaussian SVM,0.7101449275362319,0.7428571428571429,0.3333333333333333,0.9565217391304348,0.8,0.47058823529411764,22,1,8,4,0
BW,Coarse Gaussian SVM,0.7391304347826088,0.7941176470588235,0.6363636363636364,0.8695652173913043,0.7,0.6666666666666666,20,3,4,7,1
BW,Coarse Gaussian SVM,0.6442687747035573,0.6764705882352942,0.09090909090909091,0.9565217391304348,0.5,0.15384615384615385,22,1,10,1,2
BW,Coarse Gaussian SVM,0.8181818181818182,0.7941176470588235,0.45454545454545453,0.9565217391304348,0.8333333333333334,0.5882352941176471,22,1,6,5,3
BW,Coarse Gaussian SVM,0.8853754940711462,0.8235294117647058,0.45454545454545453,1.0,1.0,0.625,23,0,6,5,4
BW,Fine KNN,0.5797101449275363,0.6571428571428571,0.3333333333333333,0.8260869565217391,0.5,0.4,19,4,8,4,0
BW,Fine KNN,0.733201581027668,0.7352941176470589,0.7272727272727273,0.7391304347826086,0.5714285714285714,0.64,17,6,3,8,1
BW,Fine KNN,0.6640316205533597,0.7058823529411765,0.5454545454545454,0.782608695652174,0.5454545454545454,0.5454545454545454,18,5,5,6,2
BW,Fine KNN,0.7529644268774702,0.7941176470588235,0.6363636363636364,0.8695652173913043,0.7,0.6666666666666666,20,3,4,7,3
BW,Fine KNN,0.7312252964426877,0.7647058823529411,0.6363636363636364,0.8260869565217391,0.6363636363636364,0.6363636363636364,19,4,4,7,4
BW,Medium KNN,0.6666666666666666,0.6857142857142857,0.5,0.782608695652174,0.5454545454545454,0.5217391304347826,18,5,6,6,0
BW,Medium KNN,0.6916996047430831,0.7352941176470589,0.5454545454545454,0.8260869565217391,0.6,0.5714285714285714,19,4,5,6,1
BW,Medium KNN,0.6916996047430831,0.7647058823529411,0.45454545454545453,0.9130434782608695,0.7142857142857143,0.5555555555555556,21,2,6,5,2
BW,Medium KNN,0.8181818181818182,0.8235294117647058,0.6363636363636364,0.9130434782608695,0.7777777777777778,0.7,21,2,4,7,3
BW,Medium KNN,0.7727272727272727,0.7941176470588235,0.5454545454545454,0.9130434782608695,0.75,0.631578947368421,21,2,5,6,4
BW,Coarse KNN,0.7010869565217391,0.6571428571428571,0.0,1.0,0.0,0.0,23,0,12,0,0
BW,Coarse KNN,0.7055335968379447,0.6764705882352942,0.0,1.0,0.0,0.0,23,0,11,0,1
BW,Coarse KNN,0.6304347826086957,0.6764705882352942,0.0,1.0,0.0,0.0,23,0,11,0,2
BW,Coarse KNN,0.8280632411067194,0.6764705882352942,0.0,1.0,0.0,0.0,23,0,11,0,3
BW,Coarse KNN,0.8359683794466404,0.6764705882352942,0.0,1.0,0.0,0.0,23,0,11,0,4
BW,Cosine KNN,0.7119565217391305,0.7142857142857143,0.5833333333333334,0.782608695652174,0.5833333333333334,0.5833333333333334,18,5,5,7,0
BW,Cosine KNN,0.7687747035573123,0.7352941176470589,0.6363636363636364,0.782608695652174,0.5833333333333334,0.6086956521739131,18,5,4,7,1
BW,Cosine KNN,0.6897233201581028,0.6764705882352942,0.45454545454545453,0.782608695652174,0.5,0.47619047619047616,18,5,6,5,2
BW,Cosine KNN,0.8478260869565217,0.7941176470588235,0.6363636363636364,0.8695652173913043,0.7,0.6666666666666666,20,3,4,7,3
BW,Cosine KNN,0.7905138339920948,0.7647058823529411,0.5454545454545454,0.8695652173913043,0.6666666666666666,0.6,20,3,5,6,4
BW,Weighted KNN,0.6829710144927535,0.6571428571428571,0.4166666666666667,0.782608695652174,0.5,0.45454545454545453,18,5,7,5,0
BW,Weighted KNN,0.7312252964426877,0.7647058823529411,0.5454545454545454,0.8695652173913043,0.6666666666666666,0.6,20,3,5,6,1
BW,Weighted KNN,0.7035573122529645,0.7647058823529411,0.45454545454545453,0.9130434782608695,0.7142857142857143,0.5555555555555556,21,2,6,5,2
BW,Weighted KNN,0.8339920948616601,0.8235294117647058,0.6363636363636364,0.9130434782608695,0.7777777777777778,0.7,21,2,4,7,3
BW,Weighted KNN,0.7984189723320159,0.7941176470588235,0.5454545454545454,0.9130434782608695,0.75,0.631578947368421,21,2,5,6,4
BW,Boosted Trees,0.7318840579710145,0.7428571428571429,0.5,0.8695652173913043,0.6666666666666666,0.5714285714285714,20,3,6,6,0
BW,Boosted Trees,0.683794466403162,0.7647058823529411,0.6363636363636364,0.8260869565217391,0.6363636363636364,0.6363636363636364,19,4,4,7,1
BW,Boosted Trees,0.6205533596837944,0.6470588235294118,0.36363636363636365,0.782608695652174,0.4444444444444444,0.4,18,5,7,4,2
BW,Boosted Trees,0.8300395256916996,0.8235294117647058,0.6363636363636364,0.9130434782608695,0.7777777777777778,0.7,21,2,4,7,3
BW,Boosted Trees,0.7549407114624506,0.7647058823529411,0.5454545454545454,0.8695652173913043,0.6666666666666666,0.6,20,3,5,6,4
BW,Bagged Trees,0.7155797101449275,0.6857142857142857,0.4166666666666667,0.8260869565217391,0.5555555555555556,0.47619047619047616,19,4,7,5,0
BW,Bagged Trees,0.7509881422924901,0.7647058823529411,0.6363636363636364,0.8260869565217391,0.6363636363636364,0.6363636363636364,19,4,4,7,1
BW,Bagged Trees,0.6284584980237153,0.6470588235294118,0.2727272727272727,0.8260869565217391,0.42857142857142855,0.3333333333333333,19,4,8,3,2
BW,Bagged Trees,0.8418972332015809,0.7941176470588235,0.5454545454545454,0.9130434782608695,0.75,0.631578947368421,21,2,5,6,3
BW,Bagged Trees,0.8221343873517787,0.7647058823529411,0.5454545454545454,0.8695652173913043,0.6666666666666666,0.6,20,3,5,6,4
BW,Subspace Discriminant,0.7898550724637681,0.6857142857142857,0.75,0.6521739130434783,0.5294117647058824,0.6206896551724138,15,8,3,9,0
BW,Subspace Discriminant,0.5533596837944663,0.5882352941176471,0.2727272727272727,0.7391304347826086,0.3333333333333333,0.3,17,6,8,3,1
BW,Subspace Discriminant,0.37944664031620556,0.5882352941176471,0.2727272727272727,0.7391304347826086,0.3333333333333333,0.3,17,6,8,3,2
BW,Subspace Discriminant,0.6837944664031621,0.7058823529411765,0.5454545454545454,0.782608695652174,0.5454545454545454,0.5454545454545454,18,5,5,6,3
BW,Subspace Discriminant,0.5968379446640316,0.5,0.36363636363636365,0.5652173913043478,0.2857142857142857,0.32,13,10,7,4,4
BW,Subspace KNN,0.6884057971014492,0.6857142857142857,0.4166666666666667,0.8260869565217391,0.5555555555555556,0.47619047619047616,19,4,7,5,0
BW,Subspace KNN,0.7154150197628458,0.7058823529411765,0.45454545454545453,0.8260869565217391,0.5555555555555556,0.5,19,4,6,5,1
BW,Subspace KNN,0.650197628458498,0.7647058823529411,0.45454545454545453,0.9130434782608695,0.7142857142857143,0.5555555555555556,21,2,6,5,2
BW,Subspace KNN,0.8300395256916996,0.8235294117647058,0.6363636363636364,0.9130434782608695,0.7777777777777778,0.7,21,2,4,7,3
BW,Subspace KNN,0.7588932806324111,0.7941176470588235,0.45454545454545453,0.9565217391304348,0.8333333333333334,0.5882352941176471,22,1,6,5,4
BW,RUSBoosted Trees,0.7318840579710145,0.7428571428571429,0.5,0.8695652173913043,0.6666666666666666,0.5714285714285714,20,3,6,6,0
BW,RUSBoosted Trees,0.683794466403162,0.7647058823529411,0.6363636363636364,0.8260869565217391,0.6363636363636364,0.6363636363636364,19,4,4,7,1
BW,RUSBoosted Trees,0.6205533596837944,0.6470588235294118,0.36363636363636365,0.782608695652174,0.4444444444444444,0.4,18,5,7,4,2
BW,RUSBoosted Trees,0.8300395256916996,0.8235294117647058,0.6363636363636364,0.9130434782608695,0.7777777777777778,0.7,21,2,4,7,3
BW,RUSBoosted Trees,0.7549407114624506,0.7647058823529411,0.5454545454545454,0.8695652173913043,0.6666666666666666,0.6,20,3,5,6,4
Doppler,Simple Tree,0.4909420289855073,0.5714285714285714,0.4166666666666667,0.6521739130434783,0.38461538461538464,0.4,15,8,7,5,0
Doppler,Simple Tree,0.7173913043478262,0.7352941176470589,0.7272727272727273,0.7391304347826086,0.5714285714285714,0.64,17,6,3,8,1
Doppler,Simple Tree,0.40711462450592883,0.5294117647058824,0.2727272727272727,0.6521739130434783,0.2727272727272727,0.2727272727272727,15,8,8,3,2
Doppler,Simple Tree,0.6462450592885375,0.7058823529411765,0.6363636363636364,0.7391304347826086,0.5384615384615384,0.5833333333333334,17,6,4,7,3
Doppler,Simple Tree,0.6936758893280632,0.7352941176470589,0.5454545454545454,0.8260869565217391,0.6,0.5714285714285714,19,4,5,6,4
Doppler,Medium Tree,0.5561594202898551,0.6,0.4166666666666667,0.6956521739130435,0.4166666666666667,0.4166666666666667,16,7,7,5,0
Doppler,Medium Tree,0.7569169960474309,0.7352941176470589,0.8181818181818182,0.6956521739130435,0.5625,0.6666666666666666,16,7,2,9,1
Doppler,Medium Tree,0.4624505928853755,0.5294117647058824,0.2727272727272727,0.6521739130434783,0.2727272727272727,0.2727272727272727,15,8,8,3,2
Doppler,Medium Tree,0.5770750988142292,0.5882352941176471,0.5454545454545454,0.6086956521739131,0.4,0.46153846153846156,14,9,5,6,3
Doppler,Medium Tree,0.5533596837944664,0.5882352941176471,0.45454545454545453,0.6521739130434783,0.38461538461538464,0.4166666666666667,15,8,6,5,4
Doppler,Complex Tree,0.5561594202898551,0.6,0.4166666666666667,0.6956521739130435,0.4166666666666667,0.4166666666666667,16,7,7,5,0
Doppler,Complex Tree,0.7569169960474309,0.7352941176470589,0.8181818181818182,0.6956521739130435,0.5625,0.6666666666666666,16,7,2,9,1
Doppler,Complex Tree,0.4624505928853755,0.5294117647058824,0.2727272727272727,0.6521739130434783,0.2727272727272727,0.2727272727272727,15,8,8,3,2
Doppler,Complex Tree,0.5770750988142292,0.5882352941176471,0.5454545454545454,0.6086956521739131,0.4,0.46153846153846156,14,9,5,6,3
Doppler,Complex Tree,0.5533596837944664,0.5882352941176471,0.45454545454545453,0.6521739130434783,0.38461538461538464,0.4166666666666667,15,8,6,5,4
Doppler,Linear Discriminant Analysis,0.7318840579710145,0.8,0.75,0.8260869565217391,0.6923076923076923,0.72,19,4,3,9,0
Doppler,Linear Discriminant Analysis,0.8181818181818182,0.7647058823529411,0.8181818181818182,0.7391304347826086,0.6,0.6923076923076923,17,6,2,9,1
Doppler,Linear Discriminant Analysis,0.6383399209486166,0.5588235294117647,0.5454545454545454,0.5652173913043478,0.375,0.4444444444444444,13,10,5,6,2
Doppler,Linear Discriminant Analysis,0.6304347826086957,0.6764705882352942,0.6363636363636364,0.6956521739130435,0.5,0.56,16,7,4,7,3
Doppler,Linear Discriminant Analysis,0.7470355731225297,0.8235294117647058,0.7272727272727273,0.8695652173913043,0.7272727272727273,0.7272727272727273,20,3,3,8,4
Doppler,Logistic Regression,0.7717391304347826,0.6285714285714286,0.4166666666666667,0.7391304347826086,0.45454545454545453,0.43478260869565216,17,6,7,5,0
Doppler,Logistic Regression,0.8300395256916996,0.7647058823529411,0.8181818181818182,0.7391304347826086,0.6,0.6923076923076923,17,6,2,9,1
Doppler,Logistic Regression,0.7470355731225297,0.6176470588235294,0.45454545454545453,0.6956521739130435,0.4166666666666667,0.43478260869565216,16,7,6,5,2
Doppler,Logistic Regression,0.7667984189723319,0.7941176470588235,0.6363636363636364,0.8695652173913043,0.7,0.6666666666666666,20,3,4,7,3
Doppler,Logistic Regression,0.7470355731225296,0.7941176470588235,0.45454545454545453,0.9565217391304348,0.8333333333333334,0.5882352941176471,22,1,6,5,4
Doppler,Linear SVM,0.7536231884057971,0.7142857142857143,0.3333333333333333,0.9130434782608695,0.6666666666666666,0.4444444444444444,21,2,8,4,0
Doppler,Linear SVM,0.849802371541502,0.7647058823529411,0.6363636363636364,0.8260869565217391,0.6363636363636364,0.6363636363636364,19,4,4,7,1
Doppler,Linear SVM,0.6521739130434783,0.7058823529411765,0.18181818181818182,0.9565217391304348,0.6666666666666666,0.2857142857142857,22,1,9,2,2
Doppler,Linear SVM,0.7272727272727273,0.6764705882352942,0.18181818181818182,0.9130434782608695,0.5,0.26666666666666666,21,2,9,2,3
Doppler,Linear SVM,0.691699604743083,0.7647058823529411,0.2727272727272727,1.0,1.0,0.42857142857142855,23,0,8,3,4
Doppler,Quadratic SVM,0.6811594202898551,0.6571428571428571,0.0,1.0,0.0,0.0,23,0,12,0,0
Doppler,Quadratic SVM,0.7628458498023716,0.7058823529411765,0.18181818181818182,0.9565217391304348,0.6666666666666666,0.2857142857142857,22,1,9,2,1
Doppler,Quadratic SVM,0.6798418972332015,0.6764705882352942,0.0,1.0,0.0,0.0,23,0,11,0,2
Doppler,Quadratic SVM,0.7549407114624506,0.6764705882352942,0.09090909090909091,0.9565217391304348,0.5,0.15384615384615385,22,1,10,1,3
Doppler,Quadratic SVM,0.7351778656126483,0.6470588235294118,0.0,0.9565217391304348,0.0,0.0,22,1,11,0,4
Doppler,Cubic SVM,0.7681159420289855,0.6857142857142857,0.16666666666666666,0.9565217391304348,0.6666666666666666,0.26666666666666666,22,1,10,2,0
Doppler,Cubic SVM,0.7470355731225296,0.7058823529411765,0.2727272727272727,0.9130434782608695,0.6,0.375,21,2,8,3,1
Doppler,Cubic SVM,0.6284584980237155,0.6470588235294118,0.18181818181818182,0.8695652173913043,0.4,0.25,20,3,9,2,2
Doppler,Cubic SVM,0.8300395256916997,0.6764705882352942,0.09090909090909091,0.9565217391304348,0.5,0.15384615384615385,22,1,10,1,3
Doppler,Cubic SVM,0.6996047430830039,0.6470588235294118,0.0,0.9565217391304348,0.0,0.0,22,1,11,0,4
Doppler,Fine Gaussian SVM,0.5217391304347826,0.6571428571428571,0.0,1.0,0.0,0.0,23,0,12,0,0
Doppler,Fine Gaussian SVM,0.45454545454545453,0.6764705882352942,0.0,1.0,0.0,0.0,23,0,11,0,1
Doppler,Fine Gaussian SVM,0.5217391304347826,0.6764705882352942,0.0,1.0,0.0,0.0,23,0,11,0,2
Doppler,Fine Gaussian SVM,0.5434782608695652,0.6764705882352942,0.0,1.0,0.0,0.0,23,0,11,0,3
Doppler,Fine Gaussian SVM,0.4150197628458498,0.6176470588235294,0.0,0.9130434782608695,0.0,0.0,21,2,11,0,4
Doppler,Medium Gaussian SVM,0.7536231884057971,0.7428571428571429,0.4166666666666667,0.9130434782608695,0.7142857142857143,0.5263157894736842,21,2,7,5,0
Doppler,Medium Gaussian SVM,0.83399209486166,0.7352941176470589,0.5454545454545454,0.8260869565217391,0.6,0.5714285714285714,19,4,5,6,1
Doppler,Medium Gaussian SVM,0.7905138339920948,0.7352941176470589,0.36363636363636365,0.9130434782608695,0.6666666666666666,0.47058823529411764,21,2,7,4,2
Doppler,Medium Gaussian SVM,0.8932806324110671,0.8235294117647058,0.5454545454545454,0.9565217391304348,0.8571428571428571,0.6666666666666666,22,1,5,6,3
Doppler,Medium Gaussian SVM,0.8537549407114625,0.8823529411764706,0.7272727272727273,0.9565217391304348,0.8888888888888888,0.8,22,1,3,8,4
Doppler,Coarse Gaussian SVM,0.6231884057971016,0.6285714285714286,0.25,0.8260869565217391,0.42857142857142855,0.3157894736842105,19,4,9,3,0
Doppler,Coarse Gaussian SVM,0.8102766798418973,0.7647058823529411,0.45454545454545453,0.9130434782608695,0.7142857142857143,0.5555555555555556,21,2,6,5,1
Doppler,Coarse Gaussian SVM,0.8102766798418972,0.7058823529411765,0.36363636363636365,0.8695652173913043,0.5714285714285714,0.4444444444444444,20,3,7,4,2
Doppler,Coarse Gaussian SVM,0.8537549407114624,0.7647058823529411,0.36363636363636365,0.9565217391304348,0.8,0.5,22,1,7,4,3
Doppler,Coarse Gaussian SVM,0.8616600790513834,0.7941176470588235,0.5454545454545454,0.9130434782608695,0.75,0.631578947368421,21,2,5,6,4
Doppler,Fine KNN,0.641304347826087,0.6857142857142857,0.5,0.782608695652174,0.5454545454545454,0.5217391304347826,18,5,6,6,0
Doppler,Fine KNN,0.7786561264822135,0.7647058823529411,0.8181818181818182,0.7391304347826086,0.6,0.6923076923076923,17,6,2,9,1
Doppler,Fine KNN,0.7766798418972332,0.7941176470588235,0.7272727272727273,0.8260869565217391,0.6666666666666666,0.6956521739130435,19,4,3,8,2
Doppler,Fine KNN,0.7766798418972332,0.7941176470588235,0.7272727272727273,0.8260869565217391,0.6666666666666666,0.6956521739130435,19,4,3,8,3
Doppler,Fine KNN,0.6877470355731224,0.7058823529411765,0.6363636363636364,0.7391304347826086,0.5384615384615384,0.5833333333333334,17,6,4,7,4
Doppler,Medium KNN,0.7373188405797102,0.6857142857142857,0.5,0.782608695652174,0.5454545454545454,0.5217391304347826,18,5,6,6,0
Doppler,Medium KNN,0.8162055335968379,0.7058823529411765,0.6363636363636364,0.7391304347826086,0.5384615384615384,0.5833333333333334,17,6,4,7,1
Doppler,Medium KNN,0.6818181818181818,0.6764705882352942,0.5454545454545454,0.7391304347826086,0.5,0.5217391304347826,17,6,5,6,2
Doppler,Medium KNN,0.8636363636363638,0.7352941176470589,0.7272727272727273,0.7391304347826086,0.5714285714285714,0.64,17,6,3,8,3
Doppler,Medium KNN,0.8339920948616601,0.7352941176470589,0.7272727272727273,0.7391304347826086,0.5714285714285714,0.64,17,6,3,8,4
Doppler,Coarse KNN,0.7264492753623188,0.6571428571428571,0.0,1.0,0.0,0.0,23,0,12,0,0
Doppler,Coarse KNN,0.8181818181818182,0.6764705882352942,0.0,1.0,0.0,0.0,23,0,11,0,1
Doppler,Coarse KNN,0.717391304347826,0.6764705882352942,0.0,1.0,0.0,0.0,23,0,11,0,2
Doppler,Coarse KNN,0.901185770750988,0.6764705882352942,0.0,1.0,0.0,0.0,23,0,11,0,3
Doppler,Coarse KNN,0.9110671936758893,0.6764705882352942,0.0,1.0,0.0,0.0,23,0,11,0,4
Doppler,Cosine KNN,0.7282608695652174,0.7714285714285715,0.5833333333333334,0.8695652173913043,0.7,0.6363636363636364,20,3,5,7,0
Doppler,Cosine KNN,0.8122529644268774,0.7058823529411765,0.5454545454545454,0.782608695652174,0.5454545454545454,0.5454545454545454,18,5,5,6,1
Doppler,Cosine KNN,0.7114624505928854,0.6470588235294118,0.5454545454545454,0.6956521739130435,0.46153846153846156,0.5,16,7,5,6,2
Doppler,Cosine KNN,0.8577075098814229,0.8235294117647058,0.7272727272727273,0.8695652173913043,0.7272727272727273,0.7272727272727273,20,3,3,8,3
Doppler,Cosine KNN,0.8300395256916996,0.7647058823529411,0.7272727272727273,0.782608695652174,0.6153846153846154,0.6666666666666666,18,5,3,8,4
Doppler,Weighted KNN,0.7246376811594203,0.6857142857142857,0.5,0.782608695652174,0.5454545454545454,0.5217391304347826,18,5,6,6,0
Doppler,Weighted KNN,0.8221343873517787,0.7058823529411765,0.5454545454545454,0.782608695652174,0.5454545454545454,0.5454545454545454,18,5,5,6,1
Doppler,Weighted KNN,0.7430830039525691,0.6764705882352942,0.45454545454545453,0.782608695652174,0.5,0.47619047619047616,18,5,6,5,2
Doppler,Weighted KNN,0.8893280632411068,0.7352941176470589,0.7272727272727273,0.7391304347826086,0.5714285714285714,0.64,17,6,3,8,3
Doppler,Weighted KNN,0.849802371541502,0.7941176470588235,0.6363636363636364,0.8695652173913043,0.7,0.6666666666666666,20,3,4,7,4
Doppler,Boosted Trees,0.644927536231884,0.6571428571428571,0.4166666666666667,0.782608695652174,0.5,0.45454545454545453,18,5,7,5,0
Doppler,Boosted Trees,0.8300395256916997,0.7058823529411765,0.7272727272727273,0.6956521739130435,0.5333333333333333,0.6153846153846154,16,7,3,8,1
Doppler,Boosted Trees,0.5494071146245059,0.6470588235294118,0.45454545454545453,0.7391304347826086,0.45454545454545453,0.45454545454545453,17,6,6,5,2
Doppler,Boosted Trees,0.8181818181818182,0.7941176470588235,0.6363636363636364,0.8695652173913043,0.7,0.6666666666666666,20,3,4,7,3
Doppler,Boosted Trees,0.6442687747035573,0.5588235294117647,0.45454545454545453,0.6086956521739131,0.35714285714285715,0.4,14,9,6,5,4
Doppler,Bagged Trees,0.6485507246376812,0.6857142857142857,0.4166666666666667,0.8260869565217391,0.5555555555555556,0.47619047619047616,19,4,7,5,0
Doppler,Bagged Trees,0.8241106719367589,0.7647058823529411,0.7272727272727273,0.782608695652174,0.6153846153846154,0.6666666666666666,18,5,3,8,1
Doppler,Bagged Trees,0.575098814229249,0.6470588235294118,0.36363636363636365,0.782608695652174,0.4444444444444444,0.4,18,5,7,4,2
Doppler,Bagged Trees,0.8063241106719368,0.7647058823529411,0.6363636363636364,0.8260869565217391,0.6363636363636364,0.6363636363636364,19,4,4,7,3
Doppler,Bagged Trees,0.8181818181818181,0.7352941176470589,0.5454545454545454,0.8260869565217391,0.6,0.5714285714285714,19,4,5,6,4
Doppler,Subspace Discriminant,0.75,0.7142857142857143,0.5833333333333334,0.782608695652174,0.5833333333333334,0.5833333333333334,18,5,5,7,0
Doppler,Subspace Discriminant,0.8300395256916996,0.7352941176470589,0.8181818181818182,0.6956521739130435,0.5625,0.6666666666666666,16,7,2,9,1
Doppler,Subspace Discriminant,0.8063241106719368,0.7058823529411765,0.6363636363636364,0.7391304347826086,0.5384615384615384,0.5833333333333334,17,6,4,7,2
Doppler,Subspace Discriminant,0.6640316205533597,0.7352941176470589,0.5454545454545454,0.8260869565217391,0.6,0.5714285714285714,19,4,5,6,3
Doppler,Subspace Discriminant,0.8339920948616603,0.8529411764705882,0.8181818181818182,0.8695652173913043,0.75,0.782608695652174,20,3,2,9,4
Doppler,Subspace KNN,0.7409420289855072,0.7428571428571429,0.5,0.8695652173913043,0.6666666666666666,0.5714285714285714,20,3,6,6,0
Doppler,Subspace KNN,0.8339920948616601,0.7352941176470589,0.5454545454545454,0.8260869565217391,0.6,0.5714285714285714,19,4,5,6,1
Doppler,Subspace KNN,0.6640316205533596,0.7058823529411765,0.45454545454545453,0.8260869565217391,0.5555555555555556,0.5,19,4,6,5,2
Doppler,Subspace KNN,0.8972332015810276,0.7647058823529411,0.7272727272727273,0.782608695652174,0.6153846153846154,0.6666666666666666,18,5,3,8,3
Doppler,Subspace KNN,0.841897233201581,0.7941176470588235,0.7272727272727273,0.8260869565217391,0.6666666666666666,0.6956521739130435,19,4,3,8,4
Doppler,RUSBoosted Trees,0.644927536231884,0.6571428571428571,0.4166666666666667,0.782608695652174,0.5,0.45454545454545453,18,5,7,5,0
Doppler,RUSBoosted Trees,0.8300395256916997,0.7058823529411765,0.7272727272727273,0.6956521739130435,0.5333333333333333,0.6153846153846154,16,7,3,8,1
Doppler,RUSBoosted Trees,0.5494071146245059,0.6470588235294118,0.45454545454545453,0.7391304347826086,0.45454545454545453,0.45454545454545453,17,6,6,5,2
Doppler,RUSBoosted Trees,0.8181818181818182,0.7941176470588235,0.6363636363636364,0.8695652173913043,0.7,0.6666666666666666,20,3,4,7,3
Doppler,RUSBoosted Trees,0.6442687747035573,0.5588235294117647,0.45454545454545453,0.6086956521739131,0.35714285714285715,0.4,14,9,6,5,4
BW+Doppler,Simple Tree,0.5543478260869564,0.6857142857142857,0.3333333333333333,0.8695652173913043,0.5714285714285714,0.42105263157894735,20,3,8,4,0
BW+Doppler,Simple Tree,0.7114624505928854,0.7058823529411765,0.7272727272727273,0.6956521739130435,0.5333333333333333,0.6153846153846154,16,7,3,8,1
BW+Doppler,Simple Tree,0.4861660079051383,0.5882352941176471,0.18181818181818182,0.782608695652174,0.2857142857142857,0.2222222222222222,18,5,9,2,2
BW+Doppler,Simple Tree,0.6462450592885375,0.7058823529411765,0.6363636363636364,0.7391304347826086,0.5384615384615384,0.5833333333333334,17,6,4,7,3
BW+Doppler,Simple Tree,0.7470355731225296,0.7352941176470589,0.5454545454545454,0.8260869565217391,0.6,0.5714285714285714,19,4,5,6,4
BW+Doppler,Medium Tree,0.5561594202898551,0.6,0.4166666666666667,0.6956521739130435,0.4166666666666667,0.4166666666666667,16,7,7,5,0
BW+Doppler,Medium Tree,0.6897233201581028,0.6764705882352942,0.7272727272727273,0.6521739130434783,0.5,0.5925925925925926,15,8,3,8,1
BW+Doppler,Medium Tree,0.4604743083003952,0.5588235294117647,0.18181818181818182,0.7391304347826086,0.25,0.21052631578947367,17,6,9,2,2
BW+Doppler,Medium Tree,0.6660079051383399,0.6764705882352942,0.6363636363636364,0.6956521739130435,0.5,0.56,16,7,4,7,3
BW+Doppler,Medium Tree,0.6640316205533597,0.7058823529411765,0.5454545454545454,0.782608695652174,0.5454545454545454,0.5454545454545454,18,5,5,6,4
BW+Doppler,Complex Tree,0.5561594202898551,0.6,0.4166666666666667,0.6956521739130435,0.4166666666666667,0.4166666666666667,16,7,7,5,0
BW+Doppler,Complex Tree,0.6897233201581028,0.6764705882352942,0.7272727272727273,0.6521739130434783,0.5,0.5925925925925926,15,8,3,8,1
BW+Doppler,Complex Tree,0.4604743083003952,0.5588235294117647,0.18181818181818182,0.7391304347826086,0.25,0.21052631578947367,17,6,9,2,2
BW+Doppler,Complex Tree,0.6660079051383399,0.6764705882352942,0.6363636363636364,0.6956521739130435,0.5,0.56,16,7,4,7,3
BW+Doppler,Complex Tree,0.6640316205533597,0.7058823529411765,0.5454545454545454,0.782608695652174,0.5454545454545454,0.5454545454545454,18,5,5,6,4
BW+Doppler,Linear Discriminant Analysis,0.6340579710144928,0.6285714285714286,0.4166666666666667,0.7391304347826086,0.45454545454545453,0.43478260869565216,17,6,7,5,0
BW+Doppler,Linear Discriminant Analysis,0.7154150197628459,0.6764705882352942,0.8181818181818182,0.6086956521739131,0.5,0.6206896551724138,14,9,2,9,1
BW+Doppler,Linear Discriminant Analysis,0.6640316205533596,0.6470588235294118,0.36363636363636365,0.782608695652174,0.4444444444444444,0.4,18,5,7,4,2
BW+Doppler,Linear Discriminant Analysis,0.7312252964426879,0.7352941176470589,0.5454545454545454,0.8260869565217391,0.6,0.5714285714285714,19,4,5,6,3
BW+Doppler,Linear Discriminant Analysis,0.6047430830039526,0.7352941176470589,0.5454545454545454,0.8260869565217391,0.6,0.5714285714285714,19,4,5,6,4
BW+Doppler,Logistic Regression,0.717391304347826,0.6,0.4166666666666667,0.6956521739130435,0.4166666666666667,0.4166666666666667,16,7,7,5,0
BW+Doppler,Logistic Regression,0.7984189723320159,0.7058823529411765,0.8181818181818182,0.6521739130434783,0.5294117647058824,0.6428571428571429,15,8,2,9,1
BW+Doppler,Logistic Regression,0.7430830039525692,0.7058823529411765,0.6363636363636364,0.7391304347826086,0.5384615384615384,0.5833333333333334,17,6,4,7,2
BW+Doppler,Logistic Regression,0.7391304347826088,0.7941176470588235,0.5454545454545454,0.9130434782608695,0.75,0.631578947368421,21,2,5,6,3
BW+Doppler,Logistic Regression,0.6403162055335967,0.7647058823529411,0.6363636363636364,0.8260869565217391,0.6363636363636364,0.6363636363636364,19,4,4,7,4
BW+Doppler,Linear SVM,0.7047101449275361,0.7142857142857143,0.3333333333333333,0.9130434782608695,0.6666666666666666,0.4444444444444444,21,2,8,4,0
BW+Doppler,Linear SVM,0.7984189723320159,0.7058823529411765,0.6363636363636364,0.7391304347826086,0.5384615384615384,0.5833333333333334,17,6,4,7,1
BW+Doppler,Linear SVM,0.7134387351778656,0.7058823529411765,0.45454545454545453,0.8260869565217391,0.5555555555555556,0.5,19,4,6,5,2
BW+Doppler,Linear SVM,0.7154150197628458,0.6764705882352942,0.18181818181818182,0.9130434782608695,0.5,0.26666666666666666,21,2,9,2,3
BW+Doppler,Linear SVM,0.5810276679841897,0.7058823529411765,0.2727272727272727,0.9130434782608695,0.6,0.375,21,2,8,3,4
BW+Doppler,Quadratic SVM,0.7572463768115942,0.7428571428571429,0.3333333333333333,0.9565217391304348,0.8,0.47058823529411764,22,1,8,4,0
BW+Doppler,Quadratic SVM,0.7905138339920948,0.7647058823529411,0.36363636363636365,0.9565217391304348,0.8,0.5,22,1,7,4,1
BW+Doppler,Quadratic SVM,0.6600790513833992,0.7352941176470589,0.2727272727272727,0.9565217391304348,0.75,0.4,22,1,8,3,2
BW+Doppler,Quadratic SVM,0.774703557312253,0.8235294117647058,0.6363636363636364,0.9130434782608695,0.7777777777777778,0.7,21,2,4,7,3
BW+Doppler,Quadratic SVM,0.7430830039525692,0.7941176470588235,0.5454545454545454,0.9130434782608695,0.75,0.631578947368421,21,2,5,6,4
BW+Doppler,Cubic SVM,0.7318840579710145,0.7142857142857143,0.25,0.9565217391304348,0.75,0.375,22,1,9,3,0
BW+Doppler,Cubic SVM,0.7944664031620554,0.7352941176470589,0.36363636363636365,0.9130434782608695,0.6666666666666666,0.47058823529411764,21,2,7,4,1
BW+Doppler,Cubic SVM,0.6600790513833992,0.7058823529411765,0.2727272727272727,0.9130434782608695,0.6,0.375,21,2,8,3,2
BW+Doppler,Cubic SVM,0.8616600790513834,0.7647058823529411,0.45454545454545453,0.9130434782608695,0.7142857142857143,0.5555555555555556,21,2,6,5,3
BW+Doppler,Cubic SVM,0.6403162055335968,0.6764705882352942,0.18181818181818182,0.9130434782608695,0.5,0.26666666666666666,21,2,9,2,4
BW+Doppler,Fine Gaussian SVM,0.5217391304347826,0.6571428571428571,0.0,1.0,0.0,0.0,23,0,12,0,0
BW+Doppler,Fine Gaussian SVM,0.45454545454545453,0.6764705882352942,0.0,1.0,0.0,0.0,23,0,11,0,1
BW+Doppler,Fine Gaussian SVM,0.5217391304347826,0.6764705882352942,0.0,1.0,0.0,0.0,23,0,11,0,2
BW+Doppler,Fine Gaussian SVM,0.5434782608695652,0.6764705882352942,0.0,1.0,0.0,0.0,23,0,11,0,3
BW+Doppler,Fine Gaussian SVM,0.4150197628458498,0.6176470588235294,0.0,0.9130434782608695,0.0,0.0,21,2,11,0,4
BW+Doppler,Medium Gaussian SVM,0.75,0.7428571428571429,0.4166666666666667,0.9130434782608695,0.7142857142857143,0.5263157894736842,21,2,7,5,0
BW+Doppler,Medium Gaussian SVM,0.8260869565217391,0.7941176470588235,0.5454545454545454,0.9130434782608695,0.75,0.631578947368421,21,2,5,6,1
BW+Doppler,Medium Gaussian SVM,0.7549407114624507,0.6470588235294118,0.18181818181818182,0.8695652173913043,0.4,0.25,20,3,9,2,2
BW+Doppler,Medium Gaussian SVM,0.8932806324110673,0.8529411764705882,0.6363636363636364,0.9565217391304348,0.875,0.7368421052631579,22,1,4,7,3
BW+Doppler,Medium Gaussian SVM,0.849802371541502,0.8529411764705882,0.6363636363636364,0.9565217391304348,0.875,0.7368421052631579,22,1,4,7,4
BW+Doppler,Coarse Gaussian SVM,0.5398550724637681,0.6857142857142857,0.08333333333333333,1.0,1.0,0.15384615384615385,23,0,11,1,0
BW+Doppler,Coarse Gaussian SVM,0.7826086956521738,0.7058823529411765,0.09090909090909091,1.0,1.0,0.16666666666666666,23,0,10,1,1
BW+Doppler,Coarse Gaussian SVM,0.6561264822134387,0.6764705882352942,0.0,1.0,0.0,0.0,23,0,11,0,2
BW+Doppler,Coarse Gaussian SVM,0.8300395256916996,0.7352941176470589,0.18181818181818182,1.0,1.0,0.3076923076923077,23,0,9,2,3
BW+Doppler,Coarse Gaussian SVM,0.8063241106719368,0.7647058823529411,0.2727272727272727,1.0,1.0,0.42857142857142855,23,0,8,3,4
BW+Doppler,Fine KNN,0.6195652173913043,0.6571428571428571,0.5,0.7391304347826086,0.5,0.5,17,6,6,6,0
BW+Doppler,Fine KNN,0.6877470355731224,0.7058823529411765,0.6363636363636364,0.7391304347826086,0.5384615384615384,0.5833333333333334,17,6,4,7,1
BW+Doppler,Fine KNN,0.7075098814229249,0.7647058823529411,0.5454545454545454,0.8695652173913043,0.6666666666666666,0.6,20,3,5,6,2
BW+Doppler,Fine KNN,0.7766798418972332,0.7941176470588235,0.7272727272727273,0.8260869565217391,0.6666666666666666,0.6956521739130435,19,4,3,8,3
BW+Doppler,Fine KNN,0.5988142292490118,0.6176470588235294,0.5454545454545454,0.6521739130434783,0.42857142857142855,0.48,15,8,5,6,4
BW+Doppler,Medium KNN,0.7445652173913043,0.6857142857142857,0.4166666666666667,0.8260869565217391,0.5555555555555556,0.47619047619047616,19,4,7,5,0
BW+Doppler,Medium KNN,0.7687747035573123,0.7352941176470589,0.5454545454545454,0.8260869565217391,0.6,0.5714285714285714,19,4,5,6,1
BW+Doppler,Medium KNN,0.6778656126482213,0.6764705882352942,0.36363636363636365,0.8260869565217391,0.5,0.42105263157894735,19,4,7,4,2
BW+Doppler,Medium KNN,0.9150197628458497,0.8235294117647058,0.8181818181818182,0.8260869565217391,0.6923076923076923,0.75,19,4,2,9,3
BW+Doppler,Medium KNN,0.7747035573122529,0.8235294117647058,0.6363636363636364,0.9130434782608695,0.7777777777777778,0.7,21,2,4,7,4
BW+Doppler,Coarse KNN,0.6992753623188406,0.6571428571428571,0.0,1.0,0.0,0.0,23,0,12,0,0
BW+Doppler,Coarse KNN,0.7667984189723321,0.6764705882352942,0.0,1.0,0.0,0.0,23,0,11,0,1
BW+Doppler,Coarse KNN,0.6699604743083003,0.6764705882352942,0.0,1.0,0.0,0.0,23,0,11,0,2
BW+Doppler,Coarse KNN,0.8675889328063241,0.6764705882352942,0.0,1.0,0.0,0.0,23,0,11,0,3
BW+Doppler,Coarse KNN,0.8260869565217391,0.6764705882352942,0.0,1.0,0.0,0.0,23,0,11,0,4
BW+Doppler,Cosine KNN,0.7210144927536232,0.7428571428571429,0.5833333333333334,0.8260869565217391,0.6363636363636364,0.6086956521739131,19,4,5,7,0
BW+Doppler,Cosine KNN,0.7924901185770751,0.7647058823529411,0.6363636363636364,0.8260869565217391,0.6363636363636364,0.6363636363636364,19,4,4,7,1
BW+Doppler,Cosine KNN,0.6363636363636364,0.6470588235294118,0.36363636363636365,0.782608695652174,0.4444444444444444,0.4,18,5,7,4,2
BW+Doppler,Cosine KNN,0.8656126482213439,0.8235294117647058,0.7272727272727273,0.8695652173913043,0.7272727272727273,0.7272727272727273,20,3,3,8,3
BW+Doppler,Cosine KNN,0.7292490118577075,0.7058823529411765,0.45454545454545453,0.8260869565217391,0.5555555555555556,0.5,19,4,6,5,4
BW+Doppler,Weighted KNN,0.7355072463768116,0.6857142857142857,0.3333333333333333,0.8695652173913043,0.5714285714285714,0.42105263157894735,20,3,8,4,0
BW+Doppler,Weighted KNN,0.7865612648221344,0.7647058823529411,0.5454545454545454,0.8695652173913043,0.6666666666666666,0.6,20,3,5,6,1
BW+Doppler,Weighted KNN,0.7193675889328063,0.6764705882352942,0.2727272727272727,0.8695652173913043,0.5,0.35294117647058826,20,3,8,3,2
BW+Doppler,Weighted KNN,0.9209486166007905,0.8529411764705882,0.8181818181818182,0.8695652173913043,0.75,0.782608695652174,20,3,2,9,3
BW+Doppler,Weighted KNN,0.7707509881422925,0.8235294117647058,0.6363636363636364,0.9130434782608695,0.7777777777777778,0.7,21,2,4,7,4
BW+Doppler,Boosted Trees,0.6702898550724639,0.6571428571428571,0.5,0.7391304347826086,0.5,0.5,17,6,6,6,0
BW+Doppler,Boosted Trees,0.7312252964426879,0.6764705882352942,0.6363636363636364,0.6956521739130435,0.5,0.56,16,7,4,7,1
BW+Doppler,Boosted Trees,0.6205533596837944,0.5588235294117647,0.2727272727272727,0.6956521739130435,0.3,0.2857142857142857,16,7,8,3,2
BW+Doppler,Boosted Trees,0.7747035573122529,0.8235294117647058,0.5454545454545454,0.9565217391304348,0.8571428571428571,0.6666666666666666,22,1,5,6,3
BW+Doppler,Boosted Trees,0.7233201581027668,0.7058823529411765,0.5454545454545454,0.782608695652174,0.5454545454545454,0.5454545454545454,18,5,5,6,4
BW+Doppler,Bagged Trees,0.6721014492753623,0.7428571428571429,0.5,0.8695652173913043,0.6666666666666666,0.5714285714285714,20,3,6,6,0
BW+Doppler,Bagged Trees,0.7865612648221344,0.8235294117647058,0.7272727272727273,0.8695652173913043,0.7272727272727273,0.7272727272727273,20,3,3,8,1
BW+Doppler,Bagged Trees,0.5849802371541503,0.6470588235294118,0.2727272727272727,0.8260869565217391,0.42857142857142855,0.3333333333333333,19,4,8,3,2
BW+Doppler,Bagged Trees,0.8023715415019762,0.7941176470588235,0.6363636363636364,0.8695652173913043,0.7,0.6666666666666666,20,3,4,7,3
BW+Doppler,Bagged Trees,0.8458498023715415,0.7941176470588235,0.5454545454545454,0.9130434782608695,0.75,0.631578947368421,21,2,5,6,4
BW+Doppler,Subspace Discriminant,0.6847826086956522,0.6285714285714286,0.4166666666666667,0.7391304347826086,0.45454545454545453,0.43478260869565216,17,6,7,5,0
BW+Doppler,Subspace Discriminant,0.7786561264822135,0.6470588235294118,0.7272727272727273,0.6086956521739131,0.47058823529411764,0.5714285714285714,14,9,3,8,1
BW+Doppler,Subspace Discriminant,0.6482213438735178,0.7058823529411765,0.5454545454545454,0.782608695652174,0.5454545454545454,0.5454545454545454,18,5,5,6,2
BW+Doppler,Subspace Discriminant,0.7747035573122529,0.7352941176470589,0.5454545454545454,0.8260869565217391,0.6,0.5714285714285714,19,4,5,6,3
BW+Doppler,Subspace Discriminant,0.7430830039525691,0.6764705882352942,0.5454545454545454,0.7391304347826086,0.5,0.5217391304347826,17,6,5,6,4
BW+Doppler,Subspace KNN,0.7318840579710145,0.7142857142857143,0.4166666666666667,0.8695652173913043,0.625,0.5,20,3,7,5,0
BW+Doppler,Subspace KNN,0.7865612648221344,0.7647058823529411,0.5454545454545454,0.8695652173913043,0.6666666666666666,0.6,20,3,5,6,1
BW+Doppler,Subspace KNN,0.691699604743083,0.7058823529411765,0.36363636363636365,0.8695652173913043,0.5714285714285714,0.4444444444444444,20,3,7,4,2
BW+Doppler,Subspace KNN,0.9209486166007905,0.8529411764705882,0.7272727272727273,0.9130434782608695,0.8,0.7619047619047619,21,2,3,8,3
BW+Doppler,Subspace KNN,0.7905138339920948,0.7941176470588235,0.5454545454545454,0.9130434782608695,0.75,0.631578947368421,21,2,5,6,4
BW+Doppler,RUSBoosted Trees,0.6702898550724639,0.6571428571428571,0.5,0.7391304347826086,0.5,0.5,17,6,6,6,0
BW+Doppler,RUSBoosted Trees,0.7312252964426879,0.6764705882352942,0.6363636363636364,0.6956521739130435,0.5,0.56,16,7,4,7,1
BW+Doppler,RUSBoosted Trees,0.6205533596837944,0.5588235294117647,0.2727272727272727,0.6956521739130435,0.3,0.2857142857142857,16,7,8,3,2
BW+Doppler,RUSBoosted Trees,0.7747035573122529,0.8235294117647058,0.5454545454545454,0.9565217391304348,0.8571428571428571,0.6666666666666666,22,1,5,6,3
BW+Doppler,RUSBoosted Trees,0.7233201581027668,0.7058823529411765,0.5454545454545454,0.782608695652174,0.5454545454545454,0.5454545454545454,18,5,5,6,4
